AF_id_code,AF_id_name,AF_id_intro,AF_id_startdate,AF_id_year,AF_id_isfour,AF_id_iseight,AF_id_officeno,AF_id_cpano,AF_id_income,consecutive
91310106086242261L,上会会计师事务所,上会会计师事务所（特殊普通合伙），创建于1981年，是由财政部试点成立的会计师事务所。具备上市公司、金融证券机构、大型企业年报、外汇专项、司法鉴定审计和高新技术企业专项审计等多项业务资质和相应的业务来源。,2013,2018,0,0,16,371,355665700,0
91310106086242261L,上会会计师事务所,上会会计师事务所（特殊普通合伙），创建于1981年，是由财政部试点成立的会计师事务所。具备上市公司、金融证券机构、大型企业年报、外汇专项、司法鉴定审计和高新技术企业专项审计等多项业务资质和相应的业务来源。,2013,2019,0,0,17,379,378145100,1
91310106086242261L,上会会计师事务所,上会会计师事务所（特殊普通合伙），创建于1981年，是由财政部试点成立的会计师事务所。具备上市公司、金融证券机构、大型企业年报、外汇专项、司法鉴定审计和高新技术企业专项审计等多项业务资质和相应的业务来源。,2013,2020,0,0,19,414,497185100,2
91310106086242261L,上会会计师事务所,上会会计师事务所（特殊普通合伙），创建于1981年，是由财政部试点成立的会计师事务所。具备上市公司、金融证券机构、大型企业年报、外汇专项、司法鉴定审计和高新技术企业专项审计等多项业务资质和相应的业务来源。,2013,2021,0,0,22,445,620110600,2
91110102082881146K,中兴华会计师事务所,"中兴华会计师事务所(特殊普通合伙)是经中华人民共和国财政部批准,由国家工商行政管理局登记注册成立的,具有独立法人资格的全国性的会计,资产评估,财税和工程咨询等专业服务机构。成立于1993年,2013年公司进行合伙制转制。转制后的事务所名称经工商行政管理局核准为“中兴华会计师事务所(特殊普通合伙)”。本所出资额3115万,从业人员近二千人.现有注册会计师631(其中北京总所164人),其中具有证券,期货相关业务资格的注册会计师132人。注册评估师87人,注册税务师56人,工程师,律师等资格的42人。",2013,2018,0,0,27,782,1091830800,0
91110102082881146K,中兴华会计师事务所,"中兴华会计师事务所(特殊普通合伙)是经中华人民共和国财政部批准,由国家工商行政管理局登记注册成立的,具有独立法人资格的全国性的会计,资产评估,财税和工程咨询等专业服务机构。成立于1993年,2013年公司进行合伙制转制。转制后的事务所名称经工商行政管理局核准为“中兴华会计师事务所(特殊普通合伙)”。本所出资额3115万,从业人员近二千人.现有注册会计师631(其中北京总所164人),其中具有证券,期货相关业务资格的注册会计师132人。注册评估师87人,注册税务师56人,工程师,律师等资格的42人。",2013,2019,0,0,27,811,1319136800,1
91110102082881146K,中兴华会计师事务所,"中兴华会计师事务所(特殊普通合伙)是经中华人民共和国财政部批准,由国家工商行政管理局登记注册成立的,具有独立法人资格的全国性的会计,资产评估,财税和工程咨询等专业服务机构。成立于1993年,2013年公司进行合伙制转制。转制后的事务所名称经工商行政管理局核准为“中兴华会计师事务所(特殊普通合伙)”。本所出资额3115万,从业人员近二千人.现有注册会计师631(其中北京总所164人),其中具有证券,期货相关业务资格的注册会计师132人。注册评估师87人,注册税务师56人,工程师,律师等资格的42人。",2013,2020,0,0,32,920,1523875799.9999998,2
91110102082881146K,中兴华会计师事务所,"中兴华会计师事务所(特殊普通合伙)是经中华人民共和国财政部批准,由国家工商行政管理局登记注册成立的,具有独立法人资格的全国性的会计,资产评估,财税和工程咨询等专业服务机构。成立于1993年,2013年公司进行合伙制转制。转制后的事务所名称经工商行政管理局核准为“中兴华会计师事务所(特殊普通合伙)”。本所出资额3115万,从业人员近二千人.现有注册会计师631(其中北京总所164人),其中具有证券,期货相关业务资格的注册会计师132人。注册评估师87人,注册税务师56人,工程师,律师等资格的42人。",2013,2021,0,0,34,793,1688139000,2
9111010208376569XD,中兴财光华会计师事务所,"中兴财光华会计师事务所(特殊普通合伙)是具有证券期货相关业务资格的专业服务机构.在财政部,证监会,中注协的正确领导和广大客户的积极支持下,业务发展迅速.以北京总部为中心,与国内知名投行,券商,基金公司建立了长期战略合作关系.公司在全国各地主要城市设有分支机构,并与中联资产评估集团有限公司,中联造价咨询有限公司,中联税务师事务所联合组成中联光华集团,为企业提供审计,税务,工程造价咨询,资产评估等综合服务,是国内具有核心竞争力的优秀中介服务机构.中兴财光华会计师事务所以做优,做大,做强,上规模,上档次,上水平为发展战略目标,坚持“以质量求信誉,以信誉促发展”的经营理念,奉行“高效优质,为客户创造价值,为社会创造效益”的服务宗旨,追求稳健务实,与国际接轨的长远发展目标.全体员工精诚团结,锐意进取,竭诚为社会各界提供优质高效服务,为我国经济发展做出积极的贡献。",1999,2018,0,0,36,961,1086290300,0
9111010208376569XD,中兴财光华会计师事务所,"中兴财光华会计师事务所(特殊普通合伙)是具有证券期货相关业务资格的专业服务机构.在财政部,证监会,中注协的正确领导和广大客户的积极支持下,业务发展迅速.以北京总部为中心,与国内知名投行,券商,基金公司建立了长期战略合作关系.公司在全国各地主要城市设有分支机构,并与中联资产评估集团有限公司,中联造价咨询有限公司,中联税务师事务所联合组成中联光华集团,为企业提供审计,税务,工程造价咨询,资产评估等综合服务,是国内具有核心竞争力的优秀中介服务机构.中兴财光华会计师事务所以做优,做大,做强,上规模,上档次,上水平为发展战略目标,坚持“以质量求信誉,以信誉促发展”的经营理念,奉行“高效优质,为客户创造价值,为社会创造效益”的服务宗旨,追求稳健务实,与国际接轨的长远发展目标.全体员工精诚团结,锐意进取,竭诚为社会各界提供优质高效服务,为我国经济发展做出积极的贡献。",1999,2019,0,0,36,988,1204967700,1
9111010208376569XD,中兴财光华会计师事务所,"中兴财光华会计师事务所(特殊普通合伙)是具有证券期货相关业务资格的专业服务机构.在财政部,证监会,中注协的正确领导和广大客户的积极支持下,业务发展迅速.以北京总部为中心,与国内知名投行,券商,基金公司建立了长期战略合作关系.公司在全国各地主要城市设有分支机构,并与中联资产评估集团有限公司,中联造价咨询有限公司,中联税务师事务所联合组成中联光华集团,为企业提供审计,税务,工程造价咨询,资产评估等综合服务,是国内具有核心竞争力的优秀中介服务机构.中兴财光华会计师事务所以做优,做大,做强,上规模,上档次,上水平为发展战略目标,坚持“以质量求信誉,以信誉促发展”的经营理念,奉行“高效优质,为客户创造价值,为社会创造效益”的服务宗旨,追求稳健务实,与国际接轨的长远发展目标.全体员工精诚团结,锐意进取,竭诚为社会各界提供优质高效服务,为我国经济发展做出积极的贡献。",1999,2020,0,0,36,969,1250198300,2
9111010208376569XD,中兴财光华会计师事务所,"中兴财光华会计师事务所(特殊普通合伙)是具有证券期货相关业务资格的专业服务机构.在财政部,证监会,中注协的正确领导和广大客户的积极支持下,业务发展迅速.以北京总部为中心,与国内知名投行,券商,基金公司建立了长期战略合作关系.公司在全国各地主要城市设有分支机构,并与中联资产评估集团有限公司,中联造价咨询有限公司,中联税务师事务所联合组成中联光华集团,为企业提供审计,税务,工程造价咨询,资产评估等综合服务,是国内具有核心竞争力的优秀中介服务机构.中兴财光华会计师事务所以做优,做大,做强,上规模,上档次,上水平为发展战略目标,坚持“以质量求信誉,以信誉促发展”的经营理念,奉行“高效优质,为客户创造价值,为社会创造效益”的服务宗旨,追求稳健务实,与国际接轨的长远发展目标.全体员工精诚团结,锐意进取,竭诚为社会各界提供优质高效服务,为我国经济发展做出积极的贡献。",1999,2021,0,0,35,793,1318700300,2
91110108082889906D,中准会计师事务所,"中准会计师事务所(特殊普通合伙)原名中准会计师事务所有限公司,1996年3月由财政部批准设立,总部设在北京市海淀区首体南路22号楼4层。业务范围涵盖注册会计师法规定的全部业务。",2013,2018,0,0,16,438,222080800.00000003,0
91110108082889906D,中准会计师事务所,"中准会计师事务所(特殊普通合伙)原名中准会计师事务所有限公司,1996年3月由财政部批准设立,总部设在北京市海淀区首体南路22号楼4层。业务范围涵盖注册会计师法规定的全部业务。",2013,2019,0,0,16,417,243449900.00000003,1
91110108082889906D,中准会计师事务所,"中准会计师事务所(特殊普通合伙)原名中准会计师事务所有限公司,1996年3月由财政部批准设立,总部设在北京市海淀区首体南路22号楼4层。业务范围涵盖注册会计师法规定的全部业务。",2013,2020,0,0,16,409,214550600,2
91110108082889906D,中准会计师事务所,"中准会计师事务所(特殊普通合伙)原名中准会计师事务所有限公司,1996年3月由财政部批准设立,总部设在北京市海淀区首体南路22号楼4层。业务范围涵盖注册会计师法规定的全部业务。",2013,2021,0,0,16,268,200476900,2
91110102089698790Q,中勤万信会计师事务所,中勤万信会计师事务所（特殊普通合伙）拥有一批具备财务、会计、审计、税务、金融、管理咨询等方面知识和经验的专业人员，具有证券期货相关业务审计、国有特大型企业审计、首批金融相关业务审计等特许资质，为国内规模较大、资质较全的事务所之一。,2013,2018,0,0,16,488,360836500,0
91110102089698790Q,中勤万信会计师事务所,中勤万信会计师事务所（特殊普通合伙）拥有一批具备财务、会计、审计、税务、金融、管理咨询等方面知识和经验的专业人员，具有证券期货相关业务审计、国有特大型企业审计、首批金融相关业务审计等特许资质，为国内规模较大、资质较全的事务所之一。,2013,2019,0,0,16,478,367147200,1
91110102089698790Q,中勤万信会计师事务所,中勤万信会计师事务所（特殊普通合伙）拥有一批具备财务、会计、审计、税务、金融、管理咨询等方面知识和经验的专业人员，具有证券期货相关业务审计、国有特大型企业审计、首批金融相关业务审计等特许资质，为国内规模较大、资质较全的事务所之一。,2013,2020,0,0,16,466,388037900,2
91110102089698790Q,中勤万信会计师事务所,中勤万信会计师事务所（特殊普通合伙）拥有一批具备财务、会计、审计、税务、金融、管理咨询等方面知识和经验的专业人员，具有证券期货相关业务审计、国有特大型企业审计、首批金融相关业务审计等特许资质，为国内规模较大、资质较全的事务所之一。,2013,2021,0,0,16,358,407439700,2
9111010108553078XF,中喜会计师事务所,中喜会计师事务所(特殊普通合伙)总部位于北京市东城区崇文门外大街11号新成文化大厦A座11层，设有合伙人办公室、行政事务部、人力资源部、业务发展部、质量控制部。总部直属业务部门11个，目前下设石家庄、邯郸、山西、深圳、广东、山东、上海、河南、天津、安徽、大连、四川等12个分所，目前筹建湖南、湖北、无锡分所。,2013,2018,0,0,20,401,239077500,0
9111010108553078XF,中喜会计师事务所,中喜会计师事务所(特殊普通合伙)总部位于北京市东城区崇文门外大街11号新成文化大厦A座11层，设有合伙人办公室、行政事务部、人力资源部、业务发展部、质量控制部。总部直属业务部门11个，目前下设石家庄、邯郸、山西、深圳、广东、山东、上海、河南、天津、安徽、大连、四川等12个分所，目前筹建湖南、湖北、无锡分所。,2013,2019,0,0,23,445,284101900,1
9111010108553078XF,中喜会计师事务所,中喜会计师事务所(特殊普通合伙)总部位于北京市东城区崇文门外大街11号新成文化大厦A座11层，设有合伙人办公室、行政事务部、人力资源部、业务发展部、质量控制部。总部直属业务部门11个，目前下设石家庄、邯郸、山西、深圳、广东、山东、上海、河南、天津、安徽、大连、四川等12个分所，目前筹建湖南、湖北、无锡分所。,2013,2020,0,0,23,452,309452600,2
9111010108553078XF,中喜会计师事务所,中喜会计师事务所(特殊普通合伙)总部位于北京市东城区崇文门外大街11号新成文化大厦A座11层，设有合伙人办公室、行政事务部、人力资源部、业务发展部、质量控制部。总部直属业务部门11个，目前下设石家庄、邯郸、山西、深圳、广东、山东、上海、河南、天津、安徽、大连、四川等12个分所，目前筹建湖南、湖北、无锡分所。,2013,2021,0,0,26,355,314135600,2
91110102089661664J,中天运会计师事务所,中天运会计师事务所（特殊普通合伙）拥有健全的执业资格和资质，包括证券、期货相关业务审计资质、军工涉密业务咨询服务安全保密资格、中国银行间市场交易商协会会员资格等。中天运为了更好地为“走出去”的中国企业提供国际化境外审阅及咨询服务，陆续派出一批批熟悉国际业务的专业人士，远赴非洲、澳洲、南美洲和欧洲执业，获得了客户的广泛好评。,2013,2018,0,0,24,685,679670000,0
91110102089661664J,中天运会计师事务所,中天运会计师事务所（特殊普通合伙）拥有健全的执业资格和资质，包括证券、期货相关业务审计资质、军工涉密业务咨询服务安全保密资格、中国银行间市场交易商协会会员资格等。中天运为了更好地为“走出去”的中国企业提供国际化境外审阅及咨询服务，陆续派出一批批熟悉国际业务的专业人士，远赴非洲、澳洲、南美洲和欧洲执业，获得了客户的广泛好评。,2013,2019,0,0,24,688,640969700,1
91110102089661664J,中天运会计师事务所,中天运会计师事务所（特殊普通合伙）拥有健全的执业资格和资质，包括证券、期货相关业务审计资质、军工涉密业务咨询服务安全保密资格、中国银行间市场交易商协会会员资格等。中天运为了更好地为“走出去”的中国企业提供国际化境外审阅及咨询服务，陆续派出一批批熟悉国际业务的专业人士，远赴非洲、澳洲、南美洲和欧洲执业，获得了客户的广泛好评。,2013,2020,0,0,24,697,783224900,2
91110102089661664J,中天运会计师事务所,中天运会计师事务所（特殊普通合伙）拥有健全的执业资格和资质，包括证券、期货相关业务审计资质、军工涉密业务咨询服务安全保密资格、中国银行间市场交易商协会会员资格等。中天运为了更好地为“走出去”的中国企业提供国际化境外审阅及咨询服务，陆续派出一批批熟悉国际业务的专业人士，远赴非洲、澳洲、南美洲和欧洲执业，获得了客户的广泛好评。,2013,2021,0,0,24,490,747079400,2
91110108061301173Y,中审亚太会计师事务所,中审亚太会计师事务所（特殊普通合伙）一直将为国有企业尤其是中央企业和部委企业以及证券期货金融等的审计工作作为其主要业务之一和特色业务之一，组织和开展了大量的该项工作，包括承担和参与国务院国资委、审计署等国家有关部委和中央企业等单位委托的多种审计和咨询，积累了比较丰富的工作经验。,2013,2018,0,0,18,384,372055600,0
91110108061301173Y,中审亚太会计师事务所,中审亚太会计师事务所（特殊普通合伙）一直将为国有企业尤其是中央企业和部委企业以及证券期货金融等的审计工作作为其主要业务之一和特色业务之一，组织和开展了大量的该项工作，包括承担和参与国务院国资委、审计署等国家有关部委和中央企业等单位委托的多种审计和咨询，积累了比较丰富的工作经验。,2013,2019,0,0,19,406,363171200,1
91110108061301173Y,中审亚太会计师事务所,中审亚太会计师事务所（特殊普通合伙）一直将为国有企业尤其是中央企业和部委企业以及证券期货金融等的审计工作作为其主要业务之一和特色业务之一，组织和开展了大量的该项工作，包括承担和参与国务院国资委、审计署等国家有关部委和中央企业等单位委托的多种审计和咨询，积累了比较丰富的工作经验。,2013,2020,0,0,23,468,463517600,2
91110108061301173Y,中审亚太会计师事务所,中审亚太会计师事务所（特殊普通合伙）一直将为国有企业尤其是中央企业和部委企业以及证券期货金融等的审计工作作为其主要业务之一和特色业务之一，组织和开展了大量的该项工作，包括承担和参与国务院国资委、审计署等国家有关部委和中央企业等单位委托的多种审计和咨询，积累了比较丰富的工作经验。,2013,2021,0,0,26,404,589510100,2
91420106081978608B,中审众环会计师事务所,中审众环会计师事务所（特殊普通合伙）是“中国品牌会计师事务所前十强”，“中国上市公司雇主最佳审计机构前十强”事务所。中审众环成立于1987年，拥有一批行业内外具有重大影响力的技术专家和一支高水平经营管理团队。截至2021年6月，中审众环在中国大陆共建有总分所38家，事务所已与知名国际会计公司联合，进入国际化发展阶段，境外机构遍及美国、英国、法国、德国、澳洲、中国香港、新加坡等地。,2013,2018,0,0,29,1166,1162600000,0
91420106081978608B,中审众环会计师事务所,中审众环会计师事务所（特殊普通合伙）是“中国品牌会计师事务所前十强”，“中国上市公司雇主最佳审计机构前十强”事务所。中审众环成立于1987年，拥有一批行业内外具有重大影响力的技术专家和一支高水平经营管理团队。截至2021年6月，中审众环在中国大陆共建有总分所38家，事务所已与知名国际会计公司联合，进入国际化发展阶段，境外机构遍及美国、英国、法国、德国、澳洲、中国香港、新加坡等地。,2013,2019,0,0,34,1351,1471973599.9999998,1
91420106081978608B,中审众环会计师事务所,中审众环会计师事务所（特殊普通合伙）是“中国品牌会计师事务所前十强”，“中国上市公司雇主最佳审计机构前十强”事务所。中审众环成立于1987年，拥有一批行业内外具有重大影响力的技术专家和一支高水平经营管理团队。截至2021年6月，中审众环在中国大陆共建有总分所38家，事务所已与知名国际会计公司联合，进入国际化发展阶段，境外机构遍及美国、英国、法国、德国、澳洲、中国香港、新加坡等地。,2013,2020,0,0,36,1537,1946473900.0000002,2
91420106081978608B,中审众环会计师事务所,中审众环会计师事务所（特殊普通合伙）是“中国品牌会计师事务所前十强”，“中国上市公司雇主最佳审计机构前十强”事务所。中审众环成立于1987年，拥有一批行业内外具有重大影响力的技术专家和一支高水平经营管理团队。截至2021年6月，中审众环在中国大陆共建有总分所38家，事务所已与知名国际会计公司联合，进入国际化发展阶段，境外机构遍及美国、英国、法国、德国、澳洲、中国香港、新加坡等地。,2013,2021,0,0,37,1292,2169391700,2
911201166688390414,中审华会计师事务所,中审华会计师事务所（特殊普通合伙）是中国知名的大型专业服务机构之一，是HLB浩信国际会计网络之中国成员机构。中审华寅五洲会计师事务所（特殊普通合伙）系由华寅五洲会计师事务所（特殊普通合伙）与中审国际会计师事务所有限公司于2013年11月重组而成，重组方式为以华寅五洲为母体吸收中审国际北京总所及部分分所的专业人员与业务，机构重组后，事务所更名为中审华寅五洲会计师事务所（特殊普通合伙），注册资本为1710万元，管理总部设在北京。 中审华寅五洲是伴随我国市场经济的发展而成长起来的，其前身在事务所脱钩改制前分别隶属于审计署、天津市财政局，是我国恢复注册会计师制度后成立最早、并且最早取得证券期货审计资质的会计师事务所之一，在近三十年的执业生涯中，事务所以其较高的执业水准和良好的服务意识，赢得了业内外的赞誉。重组后的中审华寅五洲将秉承持续超越自我、追求卓越品质的经营理念，在新的发展起点上，以其专业精神、专业品质和独特的服务为客户创造价值，与客户共同发展。,2000,2018,0,0,18,738,616011900,0
911201166688390414,中审华会计师事务所,中审华会计师事务所（特殊普通合伙）是中国知名的大型专业服务机构之一，是HLB浩信国际会计网络之中国成员机构。中审华寅五洲会计师事务所（特殊普通合伙）系由华寅五洲会计师事务所（特殊普通合伙）与中审国际会计师事务所有限公司于2013年11月重组而成，重组方式为以华寅五洲为母体吸收中审国际北京总所及部分分所的专业人员与业务，机构重组后，事务所更名为中审华寅五洲会计师事务所（特殊普通合伙），注册资本为1710万元，管理总部设在北京。 中审华寅五洲是伴随我国市场经济的发展而成长起来的，其前身在事务所脱钩改制前分别隶属于审计署、天津市财政局，是我国恢复注册会计师制度后成立最早、并且最早取得证券期货审计资质的会计师事务所之一，在近三十年的执业生涯中，事务所以其较高的执业水准和良好的服务意识，赢得了业内外的赞誉。重组后的中审华寅五洲将秉承持续超越自我、追求卓越品质的经营理念，在新的发展起点上，以其专业精神、专业品质和独特的服务为客户创造价值，与客户共同发展。,2000,2019,0,0,18,735,744593500,1
911201166688390414,中审华会计师事务所,中审华会计师事务所（特殊普通合伙）是中国知名的大型专业服务机构之一，是HLB浩信国际会计网络之中国成员机构。中审华寅五洲会计师事务所（特殊普通合伙）系由华寅五洲会计师事务所（特殊普通合伙）与中审国际会计师事务所有限公司于2013年11月重组而成，重组方式为以华寅五洲为母体吸收中审国际北京总所及部分分所的专业人员与业务，机构重组后，事务所更名为中审华寅五洲会计师事务所（特殊普通合伙），注册资本为1710万元，管理总部设在北京。 中审华寅五洲是伴随我国市场经济的发展而成长起来的，其前身在事务所脱钩改制前分别隶属于审计署、天津市财政局，是我国恢复注册会计师制度后成立最早、并且最早取得证券期货审计资质的会计师事务所之一，在近三十年的执业生涯中，事务所以其较高的执业水准和良好的服务意识，赢得了业内外的赞誉。重组后的中审华寅五洲将秉承持续超越自我、追求卓越品质的经营理念，在新的发展起点上，以其专业精神、专业品质和独特的服务为客户创造价值，与客户共同发展。,2000,2020,0,0,21,759,812280900,2
911201166688390414,中审华会计师事务所,中审华会计师事务所（特殊普通合伙）是中国知名的大型专业服务机构之一，是HLB浩信国际会计网络之中国成员机构。中审华寅五洲会计师事务所（特殊普通合伙）系由华寅五洲会计师事务所（特殊普通合伙）与中审国际会计师事务所有限公司于2013年11月重组而成，重组方式为以华寅五洲为母体吸收中审国际北京总所及部分分所的专业人员与业务，机构重组后，事务所更名为中审华寅五洲会计师事务所（特殊普通合伙），注册资本为1710万元，管理总部设在北京。 中审华寅五洲是伴随我国市场经济的发展而成长起来的，其前身在事务所脱钩改制前分别隶属于审计署、天津市财政局，是我国恢复注册会计师制度后成立最早、并且最早取得证券期货审计资质的会计师事务所之一，在近三十年的执业生涯中，事务所以其较高的执业水准和良好的服务意识，赢得了业内外的赞誉。重组后的中审华寅五洲将秉承持续超越自我、追求卓越品质的经营理念，在新的发展起点上，以其专业精神、专业品质和独特的服务为客户创造价值，与客户共同发展。,2000,2021,0,0,21,541,832188600,2
91330000087374063A,中汇会计师事务所,中汇会计师事务所（特殊普通合伙）成立于1992年，经过20多年的探索和积累，成为具有财政部、证监会批准的从事证券、期货相关业务许可证资格，以及具有国家税务总局批准的从事税务鉴证、税务服务资格的大型综合性专业服务机构，由中汇会计师事务所（特殊普通合伙）、中汇税务师事务所有限公司、天源资产评估有限公司、中汇工程咨询有限公司、中汇管理咨询有限公司等组成。中汇是全球知名会计网络——克瑞斯顿国际（krestoninternational）的成员所之一。,2013,2018,0,0,9,513,573802900,0
91330000087374063A,中汇会计师事务所,中汇会计师事务所（特殊普通合伙）成立于1992年，经过20多年的探索和积累，成为具有财政部、证监会批准的从事证券、期货相关业务许可证资格，以及具有国家税务总局批准的从事税务鉴证、税务服务资格的大型综合性专业服务机构，由中汇会计师事务所（特殊普通合伙）、中汇税务师事务所有限公司、天源资产评估有限公司、中汇工程咨询有限公司、中汇管理咨询有限公司等组成。中汇是全球知名会计网络——克瑞斯顿国际（krestoninternational）的成员所之一。,2013,2019,0,0,10,580,635933200,1
91330000087374063A,中汇会计师事务所,中汇会计师事务所（特殊普通合伙）成立于1992年，经过20多年的探索和积累，成为具有财政部、证监会批准的从事证券、期货相关业务许可证资格，以及具有国家税务总局批准的从事税务鉴证、税务服务资格的大型综合性专业服务机构，由中汇会计师事务所（特殊普通合伙）、中汇税务师事务所有限公司、天源资产评估有限公司、中汇工程咨询有限公司、中汇管理咨询有限公司等组成。中汇是全球知名会计网络——克瑞斯顿国际（krestoninternational）的成员所之一。,2013,2020,0,0,11,665,734246400,2
91330000087374063A,中汇会计师事务所,中汇会计师事务所（特殊普通合伙）成立于1992年，经过20多年的探索和积累，成为具有财政部、证监会批准的从事证券、期货相关业务许可证资格，以及具有国家税务总局批准的从事税务鉴证、税务服务资格的大型综合性专业服务机构，由中汇会计师事务所（特殊普通合伙）、中汇税务师事务所有限公司、天源资产评估有限公司、中汇工程咨询有限公司、中汇管理咨询有限公司等组成。中汇是全球知名会计网络——克瑞斯顿国际（krestoninternational）的成员所之一。,2013,2021,0,0,11,557,953701500,2
91110102MA01NKWE6R,中瑞诚会计师事务所,中瑞诚会计师事务所（特殊普通合伙）【以下简称“中瑞诚” 】创立于1997年12月，是北京市首家合伙制会计师事务所。经二十五年发展，已成为全国性大中型综合专业服务机构，自2003年起连续入选中国注册会计师协会综合评价全国百强事务所。 中瑞诚总部位于北京，自2003年开始在全国范围内建立服务网络，覆盖全国。同时在中国香港设有成员所，在匈牙利、美国、智利也设立了境外合作机构。通过加入AGN等国际会计联盟，中瑞诚的业务范围已经覆盖“一带一路”沿线国家和地区。 中瑞诚具备军工涉密资质、金融企业审计资质、司法会计鉴定资质。2020年底，完成证监会和财政部双备案，取得从事证券服务业务资格，开始承接资本市场年报审计业务。 中瑞诚秉承“允中允诚、至瑞至信”的核心理念，遵守“清准则重操守中正执业，真规矩凭匠心诚信为人”的所训，坚持“以行业法律法规为准绳，以专业胜任能力为前提，以高效优质服务为目标”，为客户提供审计、审阅、鉴证、税务、咨询、培训、工程服务、财务外包等各类专业服务。 凭借高素质的团队和高品质的服务，中瑞诚拥有良好的执业记录，成立至今从未因执业质量受到任何行政部门与主管行业协会的处罚。,2019,2021,0,0,25,201,265515200,0
91440101MA9UN3YT81,广东中职信会计师事务所,中职信创立于2008年11月。2020年11月成为首批在财政部、证监会备案46家从事证券业务会计师事务所之一、中国银行间交易商协会会员。在东莞、佛山、郑州、海口设立有分所。现有从业人员300多人，其中注册会计师90多人，全国及省级领军人才11人，税务师50人，博士1人，硕士研究生28人。中职信成立14年来，坚持诚信经营、坚持一体化管理、坚持专业取胜、坚持服务取胜、坚持“三个不做”、坚持智能审计、坚持廉洁审计、坚持创新发展。认真学习、科学实践，在服务中赢得社会尊重，在为社会创造价值的同时实现自身成长。自2016年起连续5年入选《全国会计师事务所综合评价前百家信息》；2020年发布全国综合排名50强；2021年被中注协评为《全国先进会计师事务所党组织》单位； 2022年作为全国唯一一家被共青团中央授予“优秀团支部”和“优秀团员”的双红机构。主要服务领域集中在广东区域内的央企、省市区国有企业和行政事业单位。中职信协助企事业单位开展提高治理、防范风险、降低成本的审计咨询工作，重点关注政策合规、业务合规、流程合规及税收成本、建设成本、资金成本、IT运行等成本的控制，助力客户提高效益和效率。,2020,2021,0,0,4,93,146661500,0
91110108089662085K,中证天通会计师事务所,"中证天通会计师事务所（特殊普通合伙）是一家集审计、工程造价咨询、管理咨询、税务鉴证与咨询、资产评估等服务于一体的大型综合性专业服务平台,发展源于上世纪八十年代,是新中国成立较早的专业机构之一。具有证券期货业资质、军工涉密业务咨询服务安全保密资质等多种服务资质。中证天通积极投身理论研究,热衷教育事业,为中国成本研究会、中国中青年财务成本研究会理事单位,是中国人民大学商学院等多所知名学府教学实习基地,在北方工业大学、安徽大学等高校组织有奖知识竞赛,鼓励青年学子。",2014,2018,0,0,14,388,242489900.00000003,0
91110108089662085K,中证天通会计师事务所,"中证天通会计师事务所（特殊普通合伙）是一家集审计、工程造价咨询、管理咨询、税务鉴证与咨询、资产评估等服务于一体的大型综合性专业服务平台,发展源于上世纪八十年代,是新中国成立较早的专业机构之一。具有证券期货业资质、军工涉密业务咨询服务安全保密资质等多种服务资质。中证天通积极投身理论研究,热衷教育事业,为中国成本研究会、中国中青年财务成本研究会理事单位,是中国人民大学商学院等多所知名学府教学实习基地,在北方工业大学、安徽大学等高校组织有奖知识竞赛,鼓励青年学子。",2014,2019,0,0,14,328,290215100,1
91110108089662085K,中证天通会计师事务所,"中证天通会计师事务所（特殊普通合伙）是一家集审计、工程造价咨询、管理咨询、税务鉴证与咨询、资产评估等服务于一体的大型综合性专业服务平台,发展源于上世纪八十年代,是新中国成立较早的专业机构之一。具有证券期货业资质、军工涉密业务咨询服务安全保密资质等多种服务资质。中证天通积极投身理论研究,热衷教育事业,为中国成本研究会、中国中青年财务成本研究会理事单位,是中国人民大学商学院等多所知名学府教学实习基地,在北方工业大学、安徽大学等高校组织有奖知识竞赛,鼓励青年学子。",2014,2020,0,0,14,329,275284300,2
91110108089662085K,中证天通会计师事务所,"中证天通会计师事务所（特殊普通合伙）是一家集审计、工程造价咨询、管理咨询、税务鉴证与咨询、资产评估等服务于一体的大型综合性专业服务平台,发展源于上世纪八十年代,是新中国成立较早的专业机构之一。具有证券期货业资质、军工涉密业务咨询服务安全保密资质等多种服务资质。中证天通积极投身理论研究,热衷教育事业,为中国成本研究会、中国中青年财务成本研究会理事单位,是中国人民大学商学院等多所知名学府教学实习基地,在北方工业大学、安徽大学等高校组织有奖知识竞赛,鼓励青年学子。",2014,2021,0,0,17,239,343763100,2
911100000785632412,亚太（集团）会计师事务所,"亚太(集团)会计师事务所(以下简称亚太)前身是成立于1984年的河南首家会计师事务所——河南省会计师事务所.1993年更名为亚太会计师事务所,1994年取得了执行证券,期货相关业务资格,1998年11月,经国家财政部财协字(1998)22号文批准,在跨地区吸收了深圳亚太会计事务所,河南亚太会计师事务所等中介机构的基础上,组建了亚太集团会计师事务所,2001年按照国务院关于经济鉴证类社会中介机构与政府部门实行脱钩改制的要求,由专业人员出资设立的改制为亚太(集团)会计师事务所有限公司.2009年10月,为了更好的发展,亚太集团把注册地和总部迁往北京市.2013年11月,根据财政部财会[2010]12号《关于印发的通知》的规定,经北京市财政局京财会许可[2013]0052号《关于同意设立亚太(集团)会计师事务所(特殊普通合伙)的批复》批准,亚太(集团)会计师事务所有限公司整体更名为为亚太(集团)会计师事务所(特殊普通合伙)。",2013,2018,0,0,19,516,604329800,0
911100000785632412,亚太（集团）会计师事务所,"亚太(集团)会计师事务所(以下简称亚太)前身是成立于1984年的河南首家会计师事务所——河南省会计师事务所.1993年更名为亚太会计师事务所,1994年取得了执行证券,期货相关业务资格,1998年11月,经国家财政部财协字(1998)22号文批准,在跨地区吸收了深圳亚太会计事务所,河南亚太会计师事务所等中介机构的基础上,组建了亚太集团会计师事务所,2001年按照国务院关于经济鉴证类社会中介机构与政府部门实行脱钩改制的要求,由专业人员出资设立的改制为亚太(集团)会计师事务所有限公司.2009年10月,为了更好的发展,亚太集团把注册地和总部迁往北京市.2013年11月,根据财政部财会[2010]12号《关于印发的通知》的规定,经北京市财政局京财会许可[2013]0052号《关于同意设立亚太(集团)会计师事务所(特殊普通合伙)的批复》批准,亚太(集团)会计师事务所有限公司整体更名为为亚太(集团)会计师事务所(特殊普通合伙)。",2013,2019,0,0,23,535,790990100,1
911100000785632412,亚太（集团）会计师事务所,"亚太(集团)会计师事务所(以下简称亚太)前身是成立于1984年的河南首家会计师事务所——河南省会计师事务所.1993年更名为亚太会计师事务所,1994年取得了执行证券,期货相关业务资格,1998年11月,经国家财政部财协字(1998)22号文批准,在跨地区吸收了深圳亚太会计事务所,河南亚太会计师事务所等中介机构的基础上,组建了亚太集团会计师事务所,2001年按照国务院关于经济鉴证类社会中介机构与政府部门实行脱钩改制的要求,由专业人员出资设立的改制为亚太(集团)会计师事务所有限公司.2009年10月,为了更好的发展,亚太集团把注册地和总部迁往北京市.2013年11月,根据财政部财会[2010]12号《关于印发的通知》的规定,经北京市财政局京财会许可[2013]0052号《关于同意设立亚太(集团)会计师事务所(特殊普通合伙)的批复》批准,亚太(集团)会计师事务所有限公司整体更名为为亚太(集团)会计师事务所(特殊普通合伙)。",2013,2020,0,0,24,562,893930800,2
911100000785632412,亚太（集团）会计师事务所,"亚太(集团)会计师事务所(以下简称亚太)前身是成立于1984年的河南首家会计师事务所——河南省会计师事务所.1993年更名为亚太会计师事务所,1994年取得了执行证券,期货相关业务资格,1998年11月,经国家财政部财协字(1998)22号文批准,在跨地区吸收了深圳亚太会计事务所,河南亚太会计师事务所等中介机构的基础上,组建了亚太集团会计师事务所,2001年按照国务院关于经济鉴证类社会中介机构与政府部门实行脱钩改制的要求,由专业人员出资设立的改制为亚太(集团)会计师事务所有限公司.2009年10月,为了更好的发展,亚太集团把注册地和总部迁往北京市.2013年11月,根据财政部财会[2010]12号《关于印发的通知》的规定,经北京市财政局京财会许可[2013]0052号《关于同意设立亚太(集团)会计师事务所(特殊普通合伙)的批复》批准,亚太(集团)会计师事务所有限公司整体更名为为亚太(集团)会计师事务所(特殊普通合伙)。",2013,2021,0,0,35,555,1003971100,2
91310114084119251J,众华会计师事务所,众华会计师事务所（特殊普通合伙）是中国恢复注册会计师行业后第一批成立的会计师事务所之一，发展至今，汇集了近1200名优秀的专业人才，积累了大量的优质客户，是一家在国内外享有良好声誉的会计师事务所。,2013,2018,0,0,9,303,456116400,0
91310114084119251J,众华会计师事务所,众华会计师事务所（特殊普通合伙）是中国恢复注册会计师行业后第一批成立的会计师事务所之一，发展至今，汇集了近1200名优秀的专业人才，积累了大量的优质客户，是一家在国内外享有良好声誉的会计师事务所。,2013,2019,0,0,10,343,457234000,1
91310114084119251J,众华会计师事务所,众华会计师事务所（特殊普通合伙）是中国恢复注册会计师行业后第一批成立的会计师事务所之一，发展至今，汇集了近1200名优秀的专业人才，积累了大量的优质客户，是一家在国内外享有良好声誉的会计师事务所。,2013,2020,0,0,10,341,468491500,2
91310114084119251J,众华会计师事务所,众华会计师事务所（特殊普通合伙）是中国恢复注册会计师行业后第一批成立的会计师事务所之一，发展至今，汇集了近1200名优秀的专业人才，积累了大量的优质客户，是一家在国内外享有良好声誉的会计师事务所。,2013,2021,0,0,10,338,521412900,2
91110101592354581W,信永中和会计师事务所,信永中和会计师事务所（特殊普通合伙）的中国大陆之外办公室分布于以下56个城市：中国香港，新加坡，日本东京，澳大利亚墨尔本、悉尼、布里斯班，巴基斯坦拉合尔、卡拉奇，木尔坦，埃及开罗，马来西亚吉隆坡、新山、槟城等7个城市，英国伦敦，印度尼西亚雅加达、棉兰等5个城市，印度孟买、普纳等6个城市，中国台湾台北、台中等4个城市，泰国曼谷、普吉、孔敬，德国科布伦茨、柏林等20个城市。,2012,2018,0,1,23,1416,1532390000,0
91110101592354581W,信永中和会计师事务所,信永中和会计师事务所（特殊普通合伙）的中国大陆之外办公室分布于以下56个城市：中国香港，新加坡，日本东京，澳大利亚墨尔本、悉尼、布里斯班，巴基斯坦拉合尔、卡拉奇，木尔坦，埃及开罗，马来西亚吉隆坡、新山、槟城等7个城市，英国伦敦，印度尼西亚雅加达、棉兰等5个城市，印度孟买、普纳等6个城市，中国台湾台北、台中等4个城市，泰国曼谷、普吉、孔敬，德国科布伦茨、柏林等20个城市。,2012,2019,0,1,23,1672,2041129500,1
91110101592354581W,信永中和会计师事务所,信永中和会计师事务所（特殊普通合伙）的中国大陆之外办公室分布于以下56个城市：中国香港，新加坡，日本东京，澳大利亚墨尔本、悉尼、布里斯班，巴基斯坦拉合尔、卡拉奇，木尔坦，埃及开罗，马来西亚吉隆坡、新山、槟城等7个城市，英国伦敦，印度尼西亚雅加达、棉兰等5个城市，印度孟买、普纳等6个城市，中国台湾台北、台中等4个城市，泰国曼谷、普吉、孔敬，德国科布伦茨、柏林等20个城市。,2012,2020,0,1,23,1739,2374518500,2
91110101592354581W,信永中和会计师事务所,信永中和会计师事务所（特殊普通合伙）的中国大陆之外办公室分布于以下56个城市：中国香港，新加坡，日本东京，澳大利亚墨尔本、悉尼、布里斯班，巴基斯坦拉合尔、卡拉奇，木尔坦，埃及开罗，马来西亚吉隆坡、新山、槟城等7个城市，英国伦敦，印度尼西亚雅加达、棉兰等5个城市，印度孟买、普纳等6个城市，中国台湾台北、台中等4个城市，泰国曼谷、普吉、孔敬，德国科布伦茨、柏林等20个城市。,2012,2021,0,1,27,1455,2795747000,2
91320200078269333C,公证天业会计师事务所,公证天业会计师事务所（特殊普通合伙）前身为无锡公证会计师事务所，成立于1982年，经过1998年底的脱钩改制和2000年、2008年的二次合并重组，更名为江苏公证天业会计师事务所有限公司，2013年底转制为江苏公证天业会计师事务所（特殊普通合伙），2019年更名为公证天业会计师事务所（特殊普通合伙）。1993年，经中华人民共和国财政部和中国证券监督管理委员会批准，取得从事证券、期货相关业务许可证。,2013,2018,0,0,15,327,252730800.00000003,0
91320200078269333C,公证天业会计师事务所,公证天业会计师事务所（特殊普通合伙）前身为无锡公证会计师事务所，成立于1982年，经过1998年底的脱钩改制和2000年、2008年的二次合并重组，更名为江苏公证天业会计师事务所有限公司，2013年底转制为江苏公证天业会计师事务所（特殊普通合伙），2019年更名为公证天业会计师事务所（特殊普通合伙）。1993年，经中华人民共和国财政部和中国证券监督管理委员会批准，取得从事证券、期货相关业务许可证。,2013,2019,0,0,15,346,284463300,1
91320200078269333C,公证天业会计师事务所,公证天业会计师事务所（特殊普通合伙）前身为无锡公证会计师事务所，成立于1982年，经过1998年底的脱钩改制和2000年、2008年的二次合并重组，更名为江苏公证天业会计师事务所有限公司，2013年底转制为江苏公证天业会计师事务所（特殊普通合伙），2019年更名为公证天业会计师事务所（特殊普通合伙）。1993年，经中华人民共和国财政部和中国证券监督管理委员会批准，取得从事证券、期货相关业务许可证。,2013,2020,0,0,15,345,322272600,2
91320200078269333C,公证天业会计师事务所,公证天业会计师事务所（特殊普通合伙）前身为无锡公证会计师事务所，成立于1982年，经过1998年底的脱钩改制和2000年、2008年的二次合并重组，更名为江苏公证天业会计师事务所有限公司，2013年底转制为江苏公证天业会计师事务所（特殊普通合伙），2019年更名为公证天业会计师事务所（特殊普通合伙）。1993年，经中华人民共和国财政部和中国证券监督管理委员会批准，取得从事证券、期货相关业务许可证。,2013,2021,0,0,15,324,349573200,2
911101050805090096,利安达会计师事务所,REANDA，中文简称利安达，注册名称为利安达会计师事务所(特殊普通合伙)。利安达合伙人出资款1831万元人民币，计提职业风险基金与职业保险累计赔偿限额之和超过八千万元人民币。利安达原具有证券期货相关从业资格，现已完成从事证券服务业务备案，同时具有财政部和中国人民银行批准的从事金融审计相关业务资格、中国注册会计师协会和国务院国资委核准的承担大型及特大型国有企业审计资格、中国银行间市场交易商协会会员资格、北京市司法局批准的司法鉴定资格并在加拿大CPAB注册会员，具有为在加拿大证券市场上市的公司提供专业服务的资格。,2013,2018,0,0,23,515,306334100,0
911101050805090096,利安达会计师事务所,REANDA，中文简称利安达，注册名称为利安达会计师事务所(特殊普通合伙)。利安达合伙人出资款1831万元人民币，计提职业风险基金与职业保险累计赔偿限额之和超过八千万元人民币。利安达原具有证券期货相关从业资格，现已完成从事证券服务业务备案，同时具有财政部和中国人民银行批准的从事金融审计相关业务资格、中国注册会计师协会和国务院国资委核准的承担大型及特大型国有企业审计资格、中国银行间市场交易商协会会员资格、北京市司法局批准的司法鉴定资格并在加拿大CPAB注册会员，具有为在加拿大证券市场上市的公司提供专业服务的资格。,2013,2019,0,0,23,501,367825800,1
911101050805090096,利安达会计师事务所,REANDA，中文简称利安达，注册名称为利安达会计师事务所(特殊普通合伙)。利安达合伙人出资款1831万元人民币，计提职业风险基金与职业保险累计赔偿限额之和超过八千万元人民币。利安达原具有证券期货相关从业资格，现已完成从事证券服务业务备案，同时具有财政部和中国人民银行批准的从事金融审计相关业务资格、中国注册会计师协会和国务院国资委核准的承担大型及特大型国有企业审计资格、中国银行间市场交易商协会会员资格、北京市司法局批准的司法鉴定资格并在加拿大CPAB注册会员，具有为在加拿大证券市场上市的公司提供专业服务的资格。,2013,2020,0,0,26,515,400985300,2
911101050805090096,利安达会计师事务所,REANDA，中文简称利安达，注册名称为利安达会计师事务所(特殊普通合伙)。利安达合伙人出资款1831万元人民币，计提职业风险基金与职业保险累计赔偿限额之和超过八千万元人民币。利安达原具有证券期货相关从业资格，现已完成从事证券服务业务备案，同时具有财政部和中国人民银行批准的从事金融审计相关业务资格、中国注册会计师协会和国务院国资委核准的承担大型及特大型国有企业审计资格、中国银行间市场交易商协会会员资格、北京市司法局批准的司法鉴定资格并在加拿大CPAB注册会员，具有为在加拿大证券市场上市的公司提供专业服务的资格。,2013,2021,0,0,27,373,412392400,2
9111010575770048XU,北京中天华茂会计师事务所,北京中天华茂会计师事务所（普通合伙），成立于2003-12-08，注册资本为100万，经营范围包括审计企业会计报表，出具审计报告；验证企业注册资本（金），出具验资报告；办理企业合并、分立、清算事项中的审计事务，出具有关的报告；基本建设施工预决（结）算审计验证；法律、行政法规规定的其他审计业务；会计业务咨询服务；销售与会计业务相关的帐册、文表、用具。,2003,2018,0,0,0,,,0
9111010575770048XU,北京中天华茂会计师事务所,北京中天华茂会计师事务所（普通合伙），成立于2003-12-08，注册资本为100万，经营范围包括审计企业会计报表，出具审计报告；验证企业注册资本（金），出具验资报告；办理企业合并、分立、清算事项中的审计事务，出具有关的报告；基本建设施工预决（结）算审计验证；法律、行政法规规定的其他审计业务；会计业务咨询服务；销售与会计业务相关的帐册、文表、用具。,2003,2019,0,0,0,5,,1
9111010575770048XU,北京中天华茂会计师事务所,北京中天华茂会计师事务所（普通合伙），成立于2003-12-08，注册资本为100万，经营范围包括审计企业会计报表，出具审计报告；验证企业注册资本（金），出具验资报告；办理企业合并、分立、清算事项中的审计事务，出具有关的报告；基本建设施工预决（结）算审计验证；法律、行政法规规定的其他审计业务；会计业务咨询服务；销售与会计业务相关的帐册、文表、用具。,2003,2020,0,0,0,,,2
9111010575770048XU,北京中天华茂会计师事务所,北京中天华茂会计师事务所（普通合伙），成立于2003-12-08，注册资本为100万，经营范围包括审计企业会计报表，出具审计报告；验证企业注册资本（金），出具验资报告；办理企业合并、分立、清算事项中的审计事务，出具有关的报告；基本建设施工预决（结）算审计验证；法律、行政法规规定的其他审计业务；会计业务咨询服务；销售与会计业务相关的帐册、文表、用具。,2003,2021,0,0,,,,2
911101020855463270,北京兴华会计师事务所,"北京兴华会计师事务所(特殊普通合伙)目前位于中国会计师事务所排名前列。自1992年成立以来,北京兴华在社会各界大力支持下,经过全体同仁的不懈努力,在股票发行与上市,企业重组,公司改制,国企审计及财务咨询等专业服务方面具有极强的实力和出色的业绩,北京兴华一贯坚持专业化机制与制度的建设,建立了一套完整的事务所管理制度及执业规程。经财政部门批准，北京兴华相继在贵州、湖北、西安、广东、深圳、四川、湖南、山东、上海、安徽、渤海、河北、山西、云南、辽宁、杭州、天津、江西、河南、苏州、宁夏、大连、吉林、重庆、江苏、内蒙古、青岛、青海、雄安、海南设立了30家分所，已成为国内颇具影响力的知名会计师事务所之一。",2013,2018,0,0,26,700,704072800,0
911101020855463270,北京兴华会计师事务所,"北京兴华会计师事务所(特殊普通合伙)目前位于中国会计师事务所排名前列。自1992年成立以来,北京兴华在社会各界大力支持下,经过全体同仁的不懈努力,在股票发行与上市,企业重组,公司改制,国企审计及财务咨询等专业服务方面具有极强的实力和出色的业绩,北京兴华一贯坚持专业化机制与制度的建设,建立了一套完整的事务所管理制度及执业规程。经财政部门批准，北京兴华相继在贵州、湖北、西安、广东、深圳、四川、湖南、山东、上海、安徽、渤海、河北、山西、云南、辽宁、杭州、天津、江西、河南、苏州、宁夏、大连、吉林、重庆、江苏、内蒙古、青岛、青海、雄安、海南设立了30家分所，已成为国内颇具影响力的知名会计师事务所之一。",2013,2019,0,0,32,642,673870300,1
911101020855463270,北京兴华会计师事务所,"北京兴华会计师事务所(特殊普通合伙)目前位于中国会计师事务所排名前列。自1992年成立以来,北京兴华在社会各界大力支持下,经过全体同仁的不懈努力,在股票发行与上市,企业重组,公司改制,国企审计及财务咨询等专业服务方面具有极强的实力和出色的业绩,北京兴华一贯坚持专业化机制与制度的建设,建立了一套完整的事务所管理制度及执业规程。经财政部门批准，北京兴华相继在贵州、湖北、西安、广东、深圳、四川、湖南、山东、上海、安徽、渤海、河北、山西、云南、辽宁、杭州、天津、江西、河南、苏州、宁夏、大连、吉林、重庆、江苏、内蒙古、青岛、青海、雄安、海南设立了30家分所，已成为国内颇具影响力的知名会计师事务所之一。",2013,2020,0,0,30,583,743341500,2
911101020855463270,北京兴华会计师事务所,"北京兴华会计师事务所(特殊普通合伙)目前位于中国会计师事务所排名前列。自1992年成立以来,北京兴华在社会各界大力支持下,经过全体同仁的不懈努力,在股票发行与上市,企业重组,公司改制,国企审计及财务咨询等专业服务方面具有极强的实力和出色的业绩,北京兴华一贯坚持专业化机制与制度的建设,建立了一套完整的事务所管理制度及执业规程。经财政部门批准，北京兴华相继在贵州、湖北、西安、广东、深圳、四川、湖南、山东、上海、安徽、渤海、河北、山西、云南、辽宁、杭州、天津、江西、河南、苏州、宁夏、大连、吉林、重庆、江苏、内蒙古、青岛、青海、雄安、海南设立了30家分所，已成为国内颇具影响力的知名会计师事务所之一。",2013,2021,0,0,30,441,838284600.0000001,2
91110114686901101X,北京兴昌华会计师事务所,北京兴昌华会计师事务所(普通合伙)（以下简称北京兴昌华）成立于2009年3月，总部设在北京，于2021年4月30日成功通过从事证券服务业务备案，现有100多人的专业团队，其中注册会计师50人，注册税务师25人、注册评估师15人。先后服务于全国各地政府、城投公司、企事业单位等众多客户，并成为长期稳定的合作伙伴。北京兴昌华大力推进区域扩张策略，具有强大的市场开拓能力，相继在安徽、天津、青海、江苏、浙江、上海等地设立了多家分所。,2009,2021,0,0,,,,0
91510500083391472Y,华信(集团)会计师事务所,四川华信（集团）会计师事务所总部设在成都，执业遍及全国，具有雄厚的专业技术力量，凝聚了一大批具备深厚专业素养、丰富实践经验、良好沟通能力及团队精神的行业精英，常年为上百家上市公司、新三板企业，大型国有企业，大型民营企业提供财务报表审计、内部控制审计、经济责任审计、竣工决算审计、工程项目全过程跟踪审计以及管理咨询等专业服务，涉及行业包括化工、食品饮料、商业、医药、造纸、建材、饲料、金属制品、纺织、通信及电子设备、房地产、建筑、传媒、交通运输、投资、金融证券等。,2013,2021,0,0,4,131,193996300,0
91350100084343026U,华兴会计师事务所,福建华兴有限责任会计师事务所（特殊普通合伙）原由福建华兴会计师事务所更名，于1999年元月正式成立。为各类客户提供服务中，以为证券、期货、金融企业、股份制企业、外资企业和其他中型企业提供审计、资产评估和会计顾问服务见长。1993年以来，经中华人民共和国财政部、中国证券监督管理委员会确认具有证券业务审计资格，2001年3月经中华人民共和国财政部、中国人民银行获准从事金融相关审计业务资格，还具有国有大中型企业审计、资产评估、基建预决算审计、房地产评估等相关执业资格。,2013,2018,0,0,8,219,154373700,0
91350100084343026U,华兴会计师事务所,福建华兴有限责任会计师事务所（特殊普通合伙）原由福建华兴会计师事务所更名，于1999年元月正式成立。为各类客户提供服务中，以为证券、期货、金融企业、股份制企业、外资企业和其他中型企业提供审计、资产评估和会计顾问服务见长。1993年以来，经中华人民共和国财政部、中国证券监督管理委员会确认具有证券业务审计资格，2001年3月经中华人民共和国财政部、中国人民银行获准从事金融相关审计业务资格，还具有国有大中型企业审计、资产评估、基建预决算审计、房地产评估等相关执业资格。,2013,2019,0,0,9,252,163822300,1
91350100084343026U,华兴会计师事务所,福建华兴有限责任会计师事务所（特殊普通合伙）原由福建华兴会计师事务所更名，于1999年元月正式成立。为各类客户提供服务中，以为证券、期货、金融企业、股份制企业、外资企业和其他中型企业提供审计、资产评估和会计顾问服务见长。1993年以来，经中华人民共和国财政部、中国证券监督管理委员会确认具有证券业务审计资格，2001年3月经中华人民共和国财政部、中国人民银行获准从事金融相关审计业务资格，还具有国有大中型企业审计、资产评估、基建预决算审计、房地产评估等相关执业资格。,2013,2020,0,0,9,330,312761400,2
91350100084343026U,华兴会计师事务所,福建华兴有限责任会计师事务所（特殊普通合伙）原由福建华兴会计师事务所更名，于1999年元月正式成立。为各类客户提供服务中，以为证券、期货、金融企业、股份制企业、外资企业和其他中型企业提供审计、资产评估和会计顾问服务见长。1993年以来，经中华人民共和国财政部、中国证券监督管理委员会确认具有证券业务审计资格，2001年3月经中华人民共和国财政部、中国人民银行获准从事金融相关审计业务资格，还具有国有大中型企业审计、资产评估、基建预决算审计、房地产评估等相关执业资格。,2013,2021,0,0,9,304,403408900,2
913701000611889323,和信会计师事务所,"和信会计师事务所（特殊普通合伙）是2013年4月,经财政部批准,由山东正源和信会计师事务所联合山东汇德会计师事务所 总部有关业务部及其烟台分所,山东天恒信会计师事务所济宁分所、济南分所转制设立的。 总部设在山东省济南市历下区, 注册资本1155万元。总部设有质量技术委员会、办公室、财务部、质量技术部、标准培训部审计业务一部、审计业务二部等部门、下设济南分所、潍坊分所、烟台分所、烟台芝罘分所、济宁分所、湖南分所、杭州分所、河南分所、上海分所、广西分所等分支机构。",2013,2018,0,0,10,287,185688200,0
913701000611889323,和信会计师事务所,"和信会计师事务所（特殊普通合伙）是2013年4月,经财政部批准,由山东正源和信会计师事务所联合山东汇德会计师事务所 总部有关业务部及其烟台分所,山东天恒信会计师事务所济宁分所、济南分所转制设立的。 总部设在山东省济南市历下区, 注册资本1155万元。总部设有质量技术委员会、办公室、财务部、质量技术部、标准培训部审计业务一部、审计业务二部等部门、下设济南分所、潍坊分所、烟台分所、烟台芝罘分所、济宁分所、湖南分所、杭州分所、河南分所、上海分所、广西分所等分支机构。",2013,2019,0,0,11,284,204876500,1
913701000611889323,和信会计师事务所,"和信会计师事务所（特殊普通合伙）是2013年4月,经财政部批准,由山东正源和信会计师事务所联合山东汇德会计师事务所 总部有关业务部及其烟台分所,山东天恒信会计师事务所济宁分所、济南分所转制设立的。 总部设在山东省济南市历下区, 注册资本1155万元。总部设有质量技术委员会、办公室、财务部、质量技术部、标准培训部审计业务一部、审计业务二部等部门、下设济南分所、潍坊分所、烟台分所、烟台芝罘分所、济宁分所、湖南分所、杭州分所、河南分所、上海分所、广西分所等分支机构。",2013,2020,0,0,11,276,267931500,2
913701000611889323,和信会计师事务所,"和信会计师事务所（特殊普通合伙）是2013年4月,经财政部批准,由山东正源和信会计师事务所联合山东汇德会计师事务所 总部有关业务部及其烟台分所,山东天恒信会计师事务所济宁分所、济南分所转制设立的。 总部设在山东省济南市历下区, 注册资本1155万元。总部设有质量技术委员会、办公室、财务部、质量技术部、标准培训部审计业务一部、审计业务二部等部门、下设济南分所、潍坊分所、烟台分所、烟台芝罘分所、济宁分所、湖南分所、杭州分所、河南分所、上海分所、广西分所等分支机构。",2013,2021,0,0,11,263,296420800,2
91510500083391472Y,四川华信（集团）会计师事务所,四川华信（集团）会计师事务所总部设在成都，执业遍及全国，具有雄厚的专业技术力量，凝聚了一大批具备深厚专业素养、丰富实践经验、良好沟通能力及团队精神的行业精英，常年为上百家上市公司、新三板企业，大型国有企业，大型民营企业提供财务报表审计、内部控制审计、经济责任审计、竣工决算审计、工程项目全过程跟踪审计以及管理咨询等专业服务，涉及行业包括化工、食品饮料、商业、医药、造纸、建材、饲料、金属制品、纺织、通信及电子设备、房地产、建筑、传媒、交通运输、投资、金融证券等。,2013,2018,0,0,4,258,149568500,0
91510500083391472Y,四川华信（集团）会计师事务所,四川华信（集团）会计师事务所总部设在成都，执业遍及全国，具有雄厚的专业技术力量，凝聚了一大批具备深厚专业素养、丰富实践经验、良好沟通能力及团队精神的行业精英，常年为上百家上市公司、新三板企业，大型国有企业，大型民营企业提供财务报表审计、内部控制审计、经济责任审计、竣工决算审计、工程项目全过程跟踪审计以及管理咨询等专业服务，涉及行业包括化工、食品饮料、商业、医药、造纸、建材、饲料、金属制品、纺织、通信及电子设备、房地产、建筑、传媒、交通运输、投资、金融证券等。,2013,2019,0,0,4,267,174253900,1
91510500083391472Y,四川华信（集团）会计师事务所,四川华信（集团）会计师事务所总部设在成都，执业遍及全国，具有雄厚的专业技术力量，凝聚了一大批具备深厚专业素养、丰富实践经验、良好沟通能力及团队精神的行业精英，常年为上百家上市公司、新三板企业，大型国有企业，大型民营企业提供财务报表审计、内部控制审计、经济责任审计、竣工决算审计、工程项目全过程跟踪审计以及管理咨询等专业服务，涉及行业包括化工、食品饮料、商业、医药、造纸、建材、饲料、金属制品、纺织、通信及电子设备、房地产、建筑、传媒、交通运输、投资、金融证券等。,2013,2020,0,0,4,231,208605500,2
91110108590611484C,大信会计师事务所,大信会计师事务所（特殊普通合伙）创建于1945年，是中国注册会计师行业恢复重建成立的第一家合伙会计师事务所。也是一家颇具声望与规模、各种资质齐全的综合性会计师事务所之一。,2012,2018,0,1,28,1104,1300528600,0
91110108590611484C,大信会计师事务所,大信会计师事务所（特殊普通合伙）创建于1945年，是中国注册会计师行业恢复重建成立的第一家合伙会计师事务所。也是一家颇具声望与规模、各种资质齐全的综合性会计师事务所之一。,2012,2019,0,1,30,1157,1490868400,1
91110108590611484C,大信会计师事务所,大信会计师事务所（特殊普通合伙）创建于1945年，是中国注册会计师行业恢复重建成立的第一家合伙会计师事务所。也是一家颇具声望与规模、各种资质齐全的综合性会计师事务所之一。,2012,2020,0,1,31,1192,1831941500,2
91110108590611484C,大信会计师事务所,大信会计师事务所（特殊普通合伙）创建于1945年，是中国注册会计师行业恢复重建成立的第一家合伙会计师事务所。也是一家颇具声望与规模、各种资质齐全的综合性会计师事务所之一。,2012,2021,0,1,32,1035,1863134900,2
91110108590676050Q,大华会计师事务所,"大华会计师事务所（特殊普通合伙）创立于1985年,是国内最具规模的大型会计师事务所之一,是国内首批获准从事H股上市审计资质的事务所,财政部大型会计师事务所集团化发展试点事务所。大华会计师事务所现有从业人员5000余名,拥有中国注册会计师资格者超过1200人,具有美国、英国和澳大利亚等国外发达国家注册会计师资格、能够提供国际业务服务的专业人员200余人;获得“中国注册会计师行业领军后备人才”称号的专家有16人,中国注册会计师协会资深会员50余人,另外还有业内外知名的各类杰出业务专家100余名,这些专家在财务会计、审计、税务、公司治理和战略管理咨询、内部控制、风险管理、全面预算管理、企业并购重组、IT审计和国际化业务等方面具有业内领先的水平。大华会计师事务所的业务范围包括审计鉴证、管理咨询、资产评估、工程咨询、税务服务等,服务对象主要为上市公司、大型国有企业、金融保险企业、外商投资企业等,常年审计客户10000余家,其中上市公司238家、中央企业20余家、省级企业集团300余家、外资企业500余家,涉及航空航天、金融保险、能源矿产、石油化工、电子科技、公共服务、房地产、交通运输、加工制造、仪表设备、快速消费品、酒店餐饮、商业百货、电子商务、农产品制造、旅游、医药、电信等多个行业领域,并多次接受政府部门和国际组织委托承担其他特殊目的专项审计。持专业化、多元化、国际化之道,专注为客户提供品质服务。",2012,2018,0,1,29,1308,1709543800,0
91110108590676050Q,大华会计师事务所,"大华会计师事务所（特殊普通合伙）创立于1985年,是国内最具规模的大型会计师事务所之一,是国内首批获准从事H股上市审计资质的事务所,财政部大型会计师事务所集团化发展试点事务所。大华会计师事务所现有从业人员5000余名,拥有中国注册会计师资格者超过1200人,具有美国、英国和澳大利亚等国外发达国家注册会计师资格、能够提供国际业务服务的专业人员200余人;获得“中国注册会计师行业领军后备人才”称号的专家有16人,中国注册会计师协会资深会员50余人,另外还有业内外知名的各类杰出业务专家100余名,这些专家在财务会计、审计、税务、公司治理和战略管理咨询、内部控制、风险管理、全面预算管理、企业并购重组、IT审计和国际化业务等方面具有业内领先的水平。大华会计师事务所的业务范围包括审计鉴证、管理咨询、资产评估、工程咨询、税务服务等,服务对象主要为上市公司、大型国有企业、金融保险企业、外商投资企业等,常年审计客户10000余家,其中上市公司238家、中央企业20余家、省级企业集团300余家、外资企业500余家,涉及航空航天、金融保险、能源矿产、石油化工、电子科技、公共服务、房地产、交通运输、加工制造、仪表设备、快速消费品、酒店餐饮、商业百货、电子商务、农产品制造、旅游、医药、电信等多个行业领域,并多次接受政府部门和国际组织委托承担其他特殊目的专项审计。持专业化、多元化、国际化之道,专注为客户提供品质服务。",2012,2019,0,1,29,1452,1990353400,1
91110108590676050Q,大华会计师事务所,"大华会计师事务所（特殊普通合伙）创立于1985年,是国内最具规模的大型会计师事务所之一,是国内首批获准从事H股上市审计资质的事务所,财政部大型会计师事务所集团化发展试点事务所。大华会计师事务所现有从业人员5000余名,拥有中国注册会计师资格者超过1200人,具有美国、英国和澳大利亚等国外发达国家注册会计师资格、能够提供国际业务服务的专业人员200余人;获得“中国注册会计师行业领军后备人才”称号的专家有16人,中国注册会计师协会资深会员50余人,另外还有业内外知名的各类杰出业务专家100余名,这些专家在财务会计、审计、税务、公司治理和战略管理咨询、内部控制、风险管理、全面预算管理、企业并购重组、IT审计和国际化业务等方面具有业内领先的水平。大华会计师事务所的业务范围包括审计鉴证、管理咨询、资产评估、工程咨询、税务服务等,服务对象主要为上市公司、大型国有企业、金融保险企业、外商投资企业等,常年审计客户10000余家,其中上市公司238家、中央企业20余家、省级企业集团300余家、外资企业500余家,涉及航空航天、金融保险、能源矿产、石油化工、电子科技、公共服务、房地产、交通运输、加工制造、仪表设备、快速消费品、酒店餐饮、商业百货、电子商务、农产品制造、旅游、医药、电信等多个行业领域,并多次接受政府部门和国际组织委托承担其他特殊目的专项审计。持专业化、多元化、国际化之道,专注为客户提供品质服务。",2012,2020,0,1,30,1679,2536744300,2
91110108590676050Q,大华会计师事务所,"大华会计师事务所（特殊普通合伙）创立于1985年,是国内最具规模的大型会计师事务所之一,是国内首批获准从事H股上市审计资质的事务所,财政部大型会计师事务所集团化发展试点事务所。大华会计师事务所现有从业人员5000余名,拥有中国注册会计师资格者超过1200人,具有美国、英国和澳大利亚等国外发达国家注册会计师资格、能够提供国际业务服务的专业人员200余人;获得“中国注册会计师行业领军后备人才”称号的专家有16人,中国注册会计师协会资深会员50余人,另外还有业内外知名的各类杰出业务专家100余名,这些专家在财务会计、审计、税务、公司治理和战略管理咨询、内部控制、风险管理、全面预算管理、企业并购重组、IT审计和国际化业务等方面具有业内领先的水平。大华会计师事务所的业务范围包括审计鉴证、管理咨询、资产评估、工程咨询、税务服务等,服务对象主要为上市公司、大型国有企业、金融保险企业、外商投资企业等,常年审计客户10000余家,其中上市公司238家、中央企业20余家、省级企业集团300余家、外资企业500余家,涉及航空航天、金融保险、能源矿产、石油化工、电子科技、公共服务、房地产、交通运输、加工制造、仪表设备、快速消费品、酒店餐饮、商业百货、电子商务、农产品制造、旅游、医药、电信等多个行业领域,并多次接受政府部门和国际组织委托承担其他特殊目的专项审计。持专业化、多元化、国际化之道,专注为客户提供品质服务。",2012,2021,0,1,31,1498,3098378900,2
913300005793421213,天健会计师事务所,天健会计师事务所管理有限公司于2008-12-30在东城分局登记成立。法定代表人陈箭深，公司经营范围包括企业管理；企业管理咨询；投资管理；投资咨询等。,2011,2018,0,1,15,1602,2215414300,0
913300005793421213,天健会计师事务所,天健会计师事务所管理有限公司于2008-12-30在东城分局登记成立。法定代表人陈箭深，公司经营范围包括企业管理；企业管理咨询；投资管理；投资咨询等。,2011,2019,0,1,14,1608,2471193100,1
913300005793421213,天健会计师事务所,天健会计师事务所管理有限公司于2008-12-30在东城分局登记成立。法定代表人陈箭深，公司经营范围包括企业管理；企业管理咨询；投资管理；投资咨询等。,2011,2020,0,1,14,1846,3050518700,2
913300005793421213,天健会计师事务所,天健会计师事务所管理有限公司于2008-12-30在东城分局登记成立。法定代表人陈箭深，公司经营范围包括企业管理；企业管理咨询；投资管理；投资咨询等。,2011,2021,0,1,14,1909,3500897500,2
911101080896649376,天圆全会计师事务所,天圆全会计师事务所(特殊普通合伙)，1984年6月创建于烟台，1994年取得证券期货业务从业资格，是国内从业历史最长、较早取得证券期货相关业务审计资质、服务功能完善的大型会计师事务所之一。财政部、证监会、税务审计等部门机关工作的领导，中注协、北注协领导以及经济界的学者专家多次莅临天圆全调研指导，他们的认可与勉励进一步夯实了天圆全的百年发展基业。在北京总部设有十六个审计业务部、质量监管部、培训部、信息技术部、业务发展部、人力资源部、财务部、行政部等部门以及九个专业委员会，共享与事务所业务相关的专业服务有资产评估、工程造价、管理咨询等。,2013,2018,0,0,9,287,133472800,0
911101080896649376,天圆全会计师事务所,天圆全会计师事务所(特殊普通合伙)，1984年6月创建于烟台，1994年取得证券期货业务从业资格，是国内从业历史最长、较早取得证券期货相关业务审计资质、服务功能完善的大型会计师事务所之一。财政部、证监会、税务审计等部门机关工作的领导，中注协、北注协领导以及经济界的学者专家多次莅临天圆全调研指导，他们的认可与勉励进一步夯实了天圆全的百年发展基业。在北京总部设有十六个审计业务部、质量监管部、培训部、信息技术部、业务发展部、人力资源部、财务部、行政部等部门以及九个专业委员会，共享与事务所业务相关的专业服务有资产评估、工程造价、管理咨询等。,2013,2019,0,0,10,288,149347500,1
911101080896649376,天圆全会计师事务所,天圆全会计师事务所(特殊普通合伙)，1984年6月创建于烟台，1994年取得证券期货业务从业资格，是国内从业历史最长、较早取得证券期货相关业务审计资质、服务功能完善的大型会计师事务所之一。财政部、证监会、税务审计等部门机关工作的领导，中注协、北注协领导以及经济界的学者专家多次莅临天圆全调研指导，他们的认可与勉励进一步夯实了天圆全的百年发展基业。在北京总部设有十六个审计业务部、质量监管部、培训部、信息技术部、业务发展部、人力资源部、财务部、行政部等部门以及九个专业委员会，共享与事务所业务相关的专业服务有资产评估、工程造价、管理咨询等。,2013,2020,0,0,9,270,143699500,2
911101080896649376,天圆全会计师事务所,天圆全会计师事务所(特殊普通合伙)，1984年6月创建于烟台，1994年取得证券期货业务从业资格，是国内从业历史最长、较早取得证券期货相关业务审计资质、服务功能完善的大型会计师事务所之一。财政部、证监会、税务审计等部门机关工作的领导，中注协、北注协领导以及经济界的学者专家多次莅临天圆全调研指导，他们的认可与勉励进一步夯实了天圆全的百年发展基业。在北京总部设有十六个审计业务部、质量监管部、培训部、信息技术部、业务发展部、人力资源部、财务部、行政部等部门以及九个专业委员会，共享与事务所业务相关的专业服务有资产评估、工程造价、管理咨询等。,2013,2021,0,0,9,194,162178000,2
911101085923425568,天职国际会计师事务所,天职国际会计师事务所有限公司(简称天职国际)是中国本土最早创办的会计师事务所之一。经过二十三年的卓越成长，天职国际已发展成为一家拥有从事证券、期货相关业务，国有特大型企业审计业务，金融相关审计业务，会计司法鉴定以及境外上市公司审计业务等执业资格的大型会计师事务所，在中国注册会计师协会公布的2010年度《会计师事务所综合评价前百家信息》中，天职国际位列第12位，在北京注册会计师协会最新公布的北京地区会计师事务所业务收入排名中，名列第7，已连续多年走在本土事务所前列。天职国际实行高度集中的一体化管理模式，在大陆地区分别设有上海分所、深圳分所、湖南分所、安徽分所、成都分所、云南分所、西安分所等15家分所，在香港地区设有天职(香港)会计师事务所有限公司，天职国际还是Baker Tilly International在中国地区的唯一成员所，拥有广泛的国际联系和资源网络。同时，基于管理体制和国际审计准则的要求，通过多年的实践与探索，天职国际在执业标准、专业规范、质量控制、风险控制以及事务所管理等制度方面形成了一整套科学规范的管理体系。,2012,2018,0,1,24,1127,1662135300,0
911101085923425568,天职国际会计师事务所,天职国际会计师事务所有限公司(简称天职国际)是中国本土最早创办的会计师事务所之一。经过二十三年的卓越成长，天职国际已发展成为一家拥有从事证券、期货相关业务，国有特大型企业审计业务，金融相关审计业务，会计司法鉴定以及境外上市公司审计业务等执业资格的大型会计师事务所，在中国注册会计师协会公布的2010年度《会计师事务所综合评价前百家信息》中，天职国际位列第12位，在北京注册会计师协会最新公布的北京地区会计师事务所业务收入排名中，名列第7，已连续多年走在本土事务所前列。天职国际实行高度集中的一体化管理模式，在大陆地区分别设有上海分所、深圳分所、湖南分所、安徽分所、成都分所、云南分所、西安分所等15家分所，在香港地区设有天职(香港)会计师事务所有限公司，天职国际还是Baker Tilly International在中国地区的唯一成员所，拥有广泛的国际联系和资源网络。同时，基于管理体制和国际审计准则的要求，通过多年的实践与探索，天职国际在执业标准、专业规范、质量控制、风险控制以及事务所管理等制度方面形成了一整套科学规范的管理体系。,2012,2019,0,1,24,1202,1996686800,1
911101085923425568,天职国际会计师事务所,天职国际会计师事务所有限公司(简称天职国际)是中国本土最早创办的会计师事务所之一。经过二十三年的卓越成长，天职国际已发展成为一家拥有从事证券、期货相关业务，国有特大型企业审计业务，金融相关审计业务，会计司法鉴定以及境外上市公司审计业务等执业资格的大型会计师事务所，在中国注册会计师协会公布的2010年度《会计师事务所综合评价前百家信息》中，天职国际位列第12位，在北京注册会计师协会最新公布的北京地区会计师事务所业务收入排名中，名列第7，已连续多年走在本土事务所前列。天职国际实行高度集中的一体化管理模式，在大陆地区分别设有上海分所、深圳分所、湖南分所、安徽分所、成都分所、云南分所、西安分所等15家分所，在香港地区设有天职(香港)会计师事务所有限公司，天职国际还是Baker Tilly International在中国地区的唯一成员所，拥有广泛的国际联系和资源网络。同时，基于管理体制和国际审计准则的要求，通过多年的实践与探索，天职国际在执业标准、专业规范、质量控制、风险控制以及事务所管理等制度方面形成了一整套科学规范的管理体系。,2012,2020,0,1,24,1254,2227723200,2
911101085923425568,天职国际会计师事务所,天职国际会计师事务所有限公司(简称天职国际)是中国本土最早创办的会计师事务所之一。经过二十三年的卓越成长，天职国际已发展成为一家拥有从事证券、期货相关业务，国有特大型企业审计业务，金融相关审计业务，会计司法鉴定以及境外上市公司审计业务等执业资格的大型会计师事务所，在中国注册会计师协会公布的2010年度《会计师事务所综合评价前百家信息》中，天职国际位列第12位，在北京注册会计师协会最新公布的北京地区会计师事务所业务收入排名中，名列第7，已连续多年走在本土事务所前列。天职国际实行高度集中的一体化管理模式，在大陆地区分别设有上海分所、深圳分所、湖南分所、安徽分所、成都分所、云南分所、西安分所等15家分所，在香港地区设有天职(香港)会计师事务所有限公司，天职国际还是Baker Tilly International在中国地区的唯一成员所，拥有广泛的国际联系和资源网络。同时，基于管理体制和国际审计准则的要求，通过多年的实践与探索，天职国际在执业标准、专业规范、质量控制、风险控制以及事务所管理等制度方面形成了一整套科学规范的管理体系。,2012,2021,0,1,24,943,2771222700,2
913200000831585821,天衡会计师事务所,"天衡会计师事务所（特殊普通合伙）始建于1985年10月，经过近30年发展，分所遍及北京、深圳、上海及江苏各地，注册会计师人数超过300，员工人数超过1000，业务立足江苏，辐射全国，延伸海外。 天衡是国内最早从事首次公开发行并上市审计服务的专业服务团队之一，于1993年首批取得财政部和证监会颁发的证券、期货相关业务许可证。在长期从事公司股份制改制、资产重组方案策划及股票发行、上市审计服务过程中，积累了丰富的经验，先后成功为60家省内外企业提供首发上市审计服务,包括华泰证券、苏宁云商、金陵饭店、扬子石化等企业。",2013,2018,0,0,15,336,408548000,0
913200000831585821,天衡会计师事务所,"天衡会计师事务所（特殊普通合伙）始建于1985年10月，经过近30年发展，分所遍及北京、深圳、上海及江苏各地，注册会计师人数超过300，员工人数超过1000，业务立足江苏，辐射全国，延伸海外。 天衡是国内最早从事首次公开发行并上市审计服务的专业服务团队之一，于1993年首批取得财政部和证监会颁发的证券、期货相关业务许可证。在长期从事公司股份制改制、资产重组方案策划及股票发行、上市审计服务过程中，积累了丰富的经验，先后成功为60家省内外企业提供首发上市审计服务,包括华泰证券、苏宁云商、金陵饭店、扬子石化等企业。",2013,2019,0,0,15,362,456260100,1
913200000831585821,天衡会计师事务所,"天衡会计师事务所（特殊普通合伙）始建于1985年10月，经过近30年发展，分所遍及北京、深圳、上海及江苏各地，注册会计师人数超过300，员工人数超过1000，业务立足江苏，辐射全国，延伸海外。 天衡是国内最早从事首次公开发行并上市审计服务的专业服务团队之一，于1993年首批取得财政部和证监会颁发的证券、期货相关业务许可证。在长期从事公司股份制改制、资产重组方案策划及股票发行、上市审计服务过程中，积累了丰富的经验，先后成功为60家省内外企业提供首发上市审计服务,包括华泰证券、苏宁云商、金陵饭店、扬子石化等企业。",2013,2020,0,0,16,361,521499700,2
913200000831585821,天衡会计师事务所,"天衡会计师事务所（特殊普通合伙）始建于1985年10月，经过近30年发展，分所遍及北京、深圳、上海及江苏各地，注册会计师人数超过300，员工人数超过1000，业务立足江苏，辐射全国，延伸海外。 天衡是国内最早从事首次公开发行并上市审计服务的专业服务团队之一，于1993年首批取得财政部和证监会颁发的证券、期货相关业务许可证。在长期从事公司股份制改制、资产重组方案策划及股票发行、上市审计服务过程中，积累了丰富的经验，先后成功为60家省内外企业提供首发上市审计服务,包括华泰证券、苏宁云商、金陵饭店、扬子石化等企业。",2013,2021,0,0,17,379,656228400,2
91110000051421390A,安永华明会计师事务所,安永华明会计师事务所(特殊普通合伙)成立于2012年08月01日，经营范围包括审查企业会计报表，出具审计报告；验证企业资本，出具验资报告；办理企业合并、分立、清算事宜中的审计业务，出具有关报告；基本建设年度财务决算审计；代理记账；会计咨询、税务咨询、管理咨询、会计培训；法律、法规规定的其他业务。,2012,2018,1,0,17,1167,3895837300,0
91110000051421390A,安永华明会计师事务所,安永华明会计师事务所(特殊普通合伙)成立于2012年08月01日，经营范围包括审查企业会计报表，出具审计报告；验证企业资本，出具验资报告；办理企业合并、分立、清算事宜中的审计业务，出具有关报告；基本建设年度财务决算审计；代理记账；会计咨询、税务咨询、管理咨询、会计培训；法律、法规规定的其他业务。,2012,2019,1,0,19,1471,4374644600,1
91110000051421390A,安永华明会计师事务所,安永华明会计师事务所(特殊普通合伙)成立于2012年08月01日，经营范围包括审查企业会计报表，出具审计报告；验证企业资本，出具验资报告；办理企业合并、分立、清算事宜中的审计业务，出具有关报告；基本建设年度财务决算审计；代理记账；会计咨询、税务咨询、管理咨询、会计培训；法律、法规规定的其他业务。,2012,2020,1,0,20,1645,4760089100,2
91110000051421390A,安永华明会计师事务所,安永华明会计师事务所(特殊普通合伙)成立于2012年08月01日，经营范围包括审查企业会计报表，出具审计报告；验证企业资本，出具验资报告；办理企业合并、分立、清算事宜中的审计业务，出具有关报告；基本建设年度财务决算审计；代理记账；会计咨询、税务咨询、管理咨询、会计培训；法律、法规规定的其他业务。,2012,2021,1,0,22,1604,5490411300,2
911101020854927874,容诚会计师事务所,容诚会计师事务所（原华普天健会计师事务所，以下简称“华普天健”）系2008年由原安徽华普会计师事务所与辽宁天健会计师事务所合并成立的一家专业化、制度化、国际化的大型会计师事务所，具有证券期货相关业务审计资格、金融相关审计业务资格、特大型国有企业审计资格、军工涉密业务咨询服务审计资格等，是全球综合排名第13位的克瑞斯顿（Kreston）国际会计公司成员单位，业务涉及股票发行与上市、公司改制、企业重组、资本运作、财务咨询、管理咨询、税务咨询等领域。,2013,2018,0,0,10,485,699040300,0
911101020854927874,容诚会计师事务所,容诚会计师事务所（原华普天健会计师事务所，以下简称“华普天健”）系2008年由原安徽华普会计师事务所与辽宁天健会计师事务所合并成立的一家专业化、制度化、国际化的大型会计师事务所，具有证券期货相关业务审计资格、金融相关审计业务资格、特大型国有企业审计资格、军工涉密业务咨询服务审计资格等，是全球综合排名第13位的克瑞斯顿（Kreston）国际会计公司成员单位，业务涉及股票发行与上市、公司改制、企业重组、资本运作、财务咨询、管理咨询、税务咨询等领域。,2013,2019,0,0,15,860,1057721300,1
911101020854927874,容诚会计师事务所,容诚会计师事务所（原华普天健会计师事务所，以下简称“华普天健”）系2008年由原安徽华普会计师事务所与辽宁天健会计师事务所合并成立的一家专业化、制度化、国际化的大型会计师事务所，具有证券期货相关业务审计资格、金融相关审计业务资格、特大型国有企业审计资格、军工涉密业务咨询服务审计资格等，是全球综合排名第13位的克瑞斯顿（Kreston）国际会计公司成员单位，业务涉及股票发行与上市、公司改制、企业重组、资本运作、财务咨询、管理咨询、税务咨询等领域。,2013,2020,0,0,15,1018,1875787300,2
911101020854927874,容诚会计师事务所,容诚会计师事务所（原华普天健会计师事务所，以下简称“华普天健”）系2008年由原安徽华普会计师事务所与辽宁天健会计师事务所合并成立的一家专业化、制度化、国际化的大型会计师事务所，具有证券期货相关业务审计资格、金融相关审计业务资格、特大型国有企业审计资格、军工涉密业务咨询服务审计资格等，是全球综合排名第13位的克瑞斯顿（Kreston）国际会计公司成员单位，业务涉及股票发行与上市、公司改制、企业重组、资本运作、财务咨询、管理咨询、税务咨询等领域。,2013,2021,0,1,16,1134,2339527200,2
91370200MA3TGAB979,尤尼泰振青会计师事务所,尤尼泰振青会计师事务所（特殊普通合伙），IAPA执业会计师国际联盟成员所，前身为青岛市税务局于1994年组建的振青会计师事务所，1999年底脱钩改制为振青会计师事务所有限公司，2017年整合尤尼泰税务集团会计资源，更名为尤尼泰振青会计师事务所有限公司，2020年转制为特殊普通合伙制会计师事务所。事务所在全国设有20多家分所，拥有员工五百多名，注册会计师近二百名，中、高级以上技术职称人员占员工总数95%以上。2004年以来，事务所进入财政部、中注协的全国百强所之列，多次荣获“山东省先进会计师事务所”、“山东省注册会计师行业先进党组织”等荣誉称号，并入选最高人民法院司法鉴定和破产管理人名录，进入证监会首批46家从事证券服务业务会计师事务所备案名单。转制后的事务所已实现了一体化管理，专业素养和执业能力不断提升，不仅能够为上市公司、金融保险企业和大型国有企业提供各类审计服务，还可为中国企业境外投资和外商企业境内投资提供全球一体化经济鉴证类服务。事务所愿以诚信为本、操守为重的执业理念，为客户提供各类经济鉴证服务。事务所的服务宗旨永远是以客户为上，恪守独立、客观、公正的执业原则，为社会的进步和企业,2020,2021,0,0,21,183,88438200,0
9161013607340169X2,希格玛会计师事务所,"希格玛会计师事务所（特殊普通合伙）是全国最早成立的八家会计师事务所之一,事务所机构健全、管理规范、资质齐备,以雄厚的综合实力位于中国百强会计师事务所之列。 希格玛所注册地中国西安,在北京、甘肃、宁夏、新疆、四川、河南、厦门和陕西宝鸡等地设有分所,在北京设有管理总部。希格玛所具有证券期货相关业务资格、工程造价咨询甲级资格、招投标代理甲级资格,是国务院国资委监事会常年聘请的特别技术助理单位。事务所秉承“诚信、严谨、求实”的职业精神,恪守“独立、客观、公正”的执业原则,依靠科学的管理和雄厚的人才优势,提供各类专业服务,特别是在企业重组、改制上市、管理咨询、工程造价咨询和税务筹划等方面具有丰富的实践经验。",2013,2018,0,0,10,303,361995100,0
9161013607340169X2,希格玛会计师事务所,"希格玛会计师事务所（特殊普通合伙）是全国最早成立的八家会计师事务所之一,事务所机构健全、管理规范、资质齐备,以雄厚的综合实力位于中国百强会计师事务所之列。 希格玛所注册地中国西安,在北京、甘肃、宁夏、新疆、四川、河南、厦门和陕西宝鸡等地设有分所,在北京设有管理总部。希格玛所具有证券期货相关业务资格、工程造价咨询甲级资格、招投标代理甲级资格,是国务院国资委监事会常年聘请的特别技术助理单位。事务所秉承“诚信、严谨、求实”的职业精神,恪守“独立、客观、公正”的执业原则,依靠科学的管理和雄厚的人才优势,提供各类专业服务,特别是在企业重组、改制上市、管理咨询、工程造价咨询和税务筹划等方面具有丰富的实践经验。",2013,2019,0,0,11,303,401777000,1
9161013607340169X2,希格玛会计师事务所,"希格玛会计师事务所（特殊普通合伙）是全国最早成立的八家会计师事务所之一,事务所机构健全、管理规范、资质齐备,以雄厚的综合实力位于中国百强会计师事务所之列。 希格玛所注册地中国西安,在北京、甘肃、宁夏、新疆、四川、河南、厦门和陕西宝鸡等地设有分所,在北京设有管理总部。希格玛所具有证券期货相关业务资格、工程造价咨询甲级资格、招投标代理甲级资格,是国务院国资委监事会常年聘请的特别技术助理单位。事务所秉承“诚信、严谨、求实”的职业精神,恪守“独立、客观、公正”的执业原则,依靠科学的管理和雄厚的人才优势,提供各类专业服务,特别是在企业重组、改制上市、管理咨询、工程造价咨询和税务筹划等方面具有丰富的实践经验。",2013,2020,0,0,11,260,431397600,2
9161013607340169X2,希格玛会计师事务所,"希格玛会计师事务所（特殊普通合伙）是全国最早成立的八家会计师事务所之一,事务所机构健全、管理规范、资质齐备,以雄厚的综合实力位于中国百强会计师事务所之列。 希格玛所注册地中国西安,在北京、甘肃、宁夏、新疆、四川、河南、厦门和陕西宝鸡等地设有分所,在北京设有管理总部。希格玛所具有证券期货相关业务资格、工程造价咨询甲级资格、招投标代理甲级资格,是国务院国资委监事会常年聘请的特别技术助理单位。事务所秉承“诚信、严谨、求实”的职业精神,恪守“独立、客观、公正”的执业原则,依靠科学的管理和雄厚的人才优势,提供各类专业服务,特别是在企业重组、改制上市、管理咨询、工程造价咨询和税务筹划等方面具有丰富的实践经验。",2013,2021,0,0,11,244,453946900,2
91440101MA9W5LMK0P,亨安会计师事务所,"广东亨安会计师事务所（普通合伙）成立于2021年3月，已向财政部及证监会提交证券业务备案申请。审计团队常年从事IPO申报审计、上市公司年报审计、并购重组审计、新三板公司审计等证券业务，在制造业、批发和零售贸易业、信息技术业、建筑业、电力、社会服务业、交通运输、仓储业等行业有丰富的审计经验，能全方位为客户提供高效、专业的服务。亨安所秉着“独立、客观、公正”的企业精神，致力于深耕专业领域，铸造行业精英，为规范财务审计秩序,促进注册会计师行业健康发展提供全力支持。",2021,2021,0,0,,,,0
91440101MA9W0YP8X3,广东司农会计师事务所,广东司农会计师事务所（特殊普通合伙），成立于2020-11-25，法定代表人为李建业，经营状态为在业，经营范围包括企业管理咨询;财务咨询;资产评估;代理记账;从事会计师事务所其他法定规定的业务。,2020,2018,0,0,0,,,0
91440101MA9W0YP8X3,广东司农会计师事务所,广东司农会计师事务所（特殊普通合伙），成立于2020-11-25，法定代表人为李建业，经营状态为在业，经营范围包括企业管理咨询;财务咨询;资产评估;代理记账;从事会计师事务所其他法定规定的业务。,2020,2019,0,0,0,,,1
91440101MA9W0YP8X3,广东司农会计师事务所,广东司农会计师事务所（特殊普通合伙），成立于2020-11-25，法定代表人为李建业，经营状态为在业，经营范围包括企业管理咨询;财务咨询;资产评估;代理记账;从事会计师事务所其他法定规定的业务。,2020,2020,0,0,0,70,,2
91440101MA9W0YP8X3,广东司农会计师事务所,广东司农会计师事务所（特殊普通合伙），成立于2020-11-25，法定代表人为李建业，经营状态为在业，经营范围包括企业管理咨询;财务咨询;资产评估;代理记账;从事会计师事务所其他法定规定的业务。,2020,2021,0,0,,,,2
914401010827260072,广东正中珠江会计师事务所,广东正中珠江会计师事务所（特殊普通合伙）（以下简称“正中珠江”）是总部设立在广州市的具有证券期货相关业务资格的会计师事务所，是广东省最具规模的专业服务机构，名列广东省行业前茅。,2013,2018,0,0,4,260,475080800,0
914401010827260072,广东正中珠江会计师事务所,广东正中珠江会计师事务所（特殊普通合伙）（以下简称“正中珠江”）是总部设立在广州市的具有证券期货相关业务资格的会计师事务所，是广东省最具规模的专业服务机构，名列广东省行业前茅。,2013,2019,0,0,4,242,438764100.00000006,1
914401010827260072,广东正中珠江会计师事务所,广东正中珠江会计师事务所（特殊普通合伙）（以下简称“正中珠江”）是总部设立在广州市的具有证券期货相关业务资格的会计师事务所，是广东省最具规模的专业服务机构，名列广东省行业前茅。,2013,2020,0,0,4,100,176430800.00000003,2
91500103MA614NHH0G,康华会计师事务所,重庆康华会计师事务所（以下简称“重庆康华”）是在原重庆审计事务所脱钩改制基础上成立的特殊普通合伙会计师事务所（原重庆审计事务所成立于1985年6月，隶属于重庆市审计局）。 重庆康华集近40年专业服务之经验，主要为包括上市公司在内的客户提供审计鉴证、资本市场服务、财务咨询、破产清算、司法鉴定等专业服务，并在为政府和国有企业提供专项审计服务方面形成了自己的特色。 发展至今，重庆康华现有合伙份额1000万元，自购办公场所3000多平方米，有专职从业人员230余人，注册会计师近100人。目前在重庆南川、长寿、丰都、万州以及四川成都设立了五个分所。 多年来，重庆康华外塑形象、内强管理，在内涵式发展道路上稳步前行。先后取得质量管理体系认证、环境管理体系认证、职业健康安全管理体系认证等多项管理体系认证，不断提升内部治理；始终秉承“质量第一、信誉第一、服务第一”的执业宗旨，恪守职业道德规范，努力把社会经济鉴证机构的监督职能与为客户服务有机结合起来，通过诚信执业和优质服务，铸造“重庆康华”专业品牌。多次荣获中注协授予的“全国先进会计师事务所党组织”、“五四红旗团支部”、重庆市委市政府授予的“优秀民营企业,2020,2021,0,0,5,88,80047700,0
9131000005587870XB,德勤华永会计师事务所,"德勤是中国大陆及港澳地区居领导地位的专业服务机构之一，共拥有逾4,500名员工，分布在北京、大连、广州、香港、澳门、南京、上海、深圳、苏州和天津，以全球网络为支持，为国内企业、跨国公司以及高成长的企业提供全面的审计、税务、企业管理咨询和财务咨询服务。2013年，德勤华永会计师事务所有限公司已完成特殊普通合伙会计师事务所转制工作，成立德勤华永会计师事务所（特殊普通合伙）。",2012,2018,1,0,13,1013,4466542400,0
9131000005587870XB,德勤华永会计师事务所,"德勤是中国大陆及港澳地区居领导地位的专业服务机构之一，共拥有逾4,500名员工，分布在北京、大连、广州、香港、澳门、南京、上海、深圳、苏州和天津，以全球网络为支持，为国内企业、跨国公司以及高成长的企业提供全面的审计、税务、企业管理咨询和财务咨询服务。2013年，德勤华永会计师事务所有限公司已完成特殊普通合伙会计师事务所转制工作，成立德勤华永会计师事务所（特殊普通合伙）。",2012,2019,1,0,14,1216,4101819800,1
9131000005587870XB,德勤华永会计师事务所,"德勤是中国大陆及港澳地区居领导地位的专业服务机构之一，共拥有逾4,500名员工，分布在北京、大连、广州、香港、澳门、南京、上海、深圳、苏州和天津，以全球网络为支持，为国内企业、跨国公司以及高成长的企业提供全面的审计、税务、企业管理咨询和财务咨询服务。2013年，德勤华永会计师事务所有限公司已完成特殊普通合伙会计师事务所转制工作，成立德勤华永会计师事务所（特殊普通合伙）。",2012,2020,1,0,14,1239,3978587500,2
9131000005587870XB,德勤华永会计师事务所,"德勤是中国大陆及港澳地区居领导地位的专业服务机构之一，共拥有逾4,500名员工，分布在北京、大连、广州、香港、澳门、南京、上海、深圳、苏州和天津，以全球网络为支持，为国内企业、跨国公司以及高成长的企业提供全面的审计、税务、企业管理咨询和财务咨询服务。2013年，德勤华永会计师事务所有限公司已完成特殊普通合伙会计师事务所转制工作，成立德勤华永会计师事务所（特殊普通合伙）。",2012,2021,1,0,15,1139,4159200000,2
913100000609134343,普华永道中天会计师事务所,普华永道中天会计师事务所（特殊普通合伙）于2013年1月18日完成改制，公司的主营业务有审查企业会计报表，出具审计报告；验证企业资本，出具验资报告；办理企业合并、分立、清算事宜中的审计业务，出具有关报告；基本建设年度财务决算审计；代理记账；会计咨询、税务咨询、管理咨询、会计培训；法律、法规规定的其他业务。,2013,2018,1,0,22,1153,5172282300,0
913100000609134343,普华永道中天会计师事务所,普华永道中天会计师事务所（特殊普通合伙）于2013年1月18日完成改制，公司的主营业务有审查企业会计报表，出具审计报告；验证企业资本，出具验资报告；办理企业合并、分立、清算事宜中的审计业务，出具有关报告；基本建设年度财务决算审计；代理记账；会计咨询、税务咨询、管理咨询、会计培训；法律、法规规定的其他业务。,2013,2019,1,0,23,1279,5646392700,1
913100000609134343,普华永道中天会计师事务所,普华永道中天会计师事务所（特殊普通合伙）于2013年1月18日完成改制，公司的主营业务有审查企业会计报表，出具审计报告；验证企业资本，出具验资报告；办理企业合并、分立、清算事宜中的审计业务，出具有关报告；基本建设年度财务决算审计；代理记账；会计咨询、税务咨询、管理咨询、会计培训；法律、法规规定的其他业务。,2013,2020,1,0,23,1390,6115043100,2
913100000609134343,普华永道中天会计师事务所,普华永道中天会计师事务所（特殊普通合伙）于2013年1月18日完成改制，公司的主营业务有审查企业会计报表，出具审计报告；验证企业资本，出具验资报告；办理企业合并、分立、清算事宜中的审计业务，出具有关报告；基本建设年度财务决算审计；代理记账；会计咨询、税务咨询、管理咨询、会计培训；法律、法规规定的其他业务。,2013,2021,1,0,23,1445,6825432000,2
91110000599649382G,毕马威华振会计师事务所,"毕马威华振会计师事务所（特殊普通合伙）在中国二十三个城市设有办事机构，合伙人及员工约12,000名，分布在北京、长沙、成都、重庆、佛山、福州、广州、海口、杭州、南京、宁波、青岛、上海、沈阳、深圳、苏州、天津、武汉、厦门、西安、郑州、香港特别行政区和澳门特别行政区。 毕马威是一个由专业服务成员所组成的全球网络。成员所遍布全球147个国家和地区，拥有专业人员219,000名，提供审计、税务和咨询等专业服务。",2012,2018,1,0,12,799,3361895300.0000005,0
91110000599649382G,毕马威华振会计师事务所,"毕马威华振会计师事务所（特殊普通合伙）在中国二十三个城市设有办事机构，合伙人及员工约12,000名，分布在北京、长沙、成都、重庆、佛山、福州、广州、海口、杭州、南京、宁波、青岛、上海、沈阳、深圳、苏州、天津、武汉、厦门、西安、郑州、香港特别行政区和澳门特别行政区。 毕马威是一个由专业服务成员所组成的全球网络。成员所遍布全球147个国家和地区，拥有专业人员219,000名，提供审计、税务和咨询等专业服务。",2012,2019,1,0,12,901,3362195600,1
91110000599649382G,毕马威华振会计师事务所,"毕马威华振会计师事务所（特殊普通合伙）在中国二十三个城市设有办事机构，合伙人及员工约12,000名，分布在北京、长沙、成都、重庆、佛山、福州、广州、海口、杭州、南京、宁波、青岛、上海、沈阳、深圳、苏州、天津、武汉、厦门、西安、郑州、香港特别行政区和澳门特别行政区。 毕马威是一个由专业服务成员所组成的全球网络。成员所遍布全球147个国家和地区，拥有专业人员219,000名，提供审计、税务和咨询等专业服务。",2012,2020,1,0,16,973,3416511400,2
91110000599649382G,毕马威华振会计师事务所,"毕马威华振会计师事务所（特殊普通合伙）在中国二十三个城市设有办事机构，合伙人及员工约12,000名，分布在北京、长沙、成都、重庆、佛山、福州、广州、海口、杭州、南京、宁波、青岛、上海、沈阳、深圳、苏州、天津、武汉、厦门、西安、郑州、香港特别行政区和澳门特别行政区。 毕马威是一个由专业服务成员所组成的全球网络。成员所遍布全球147个国家和地区，拥有专业人员219,000名，提供审计、税务和咨询等专业服务。",2012,2021,1,0,19,985,4093644500,2
91110105085458861W,永拓会计师事务所,2000年，永拓会计师事务所取得“证券期货相关业务”审计资格。2020年，通过了财政部和证监会双备案审核，可依法从事证券服务审计业务。通过了质量管理体系认证、环境管理体系认证、职业健康安全管理体系认证。2002年起，连续20年位列全国百强会计师事务所前列。目前，注册资本1500万元。永拓富信会计师事务所具有香港联交所挂牌承认（FRC）资格，可出具港交所上市公司审计报告。永拓内地和永拓香港可以联合承办A+H股已上市公司审计业务。,2013,2018,0,0,22,491,265876900,0
91110105085458861W,永拓会计师事务所,2000年，永拓会计师事务所取得“证券期货相关业务”审计资格。2020年，通过了财政部和证监会双备案审核，可依法从事证券服务审计业务。通过了质量管理体系认证、环境管理体系认证、职业健康安全管理体系认证。2002年起，连续20年位列全国百强会计师事务所前列。目前，注册资本1500万元。永拓富信会计师事务所具有香港联交所挂牌承认（FRC）资格，可出具港交所上市公司审计报告。永拓内地和永拓香港可以联合承办A+H股已上市公司审计业务。,2013,2019,0,0,24,483,283869100,1
91110105085458861W,永拓会计师事务所,2000年，永拓会计师事务所取得“证券期货相关业务”审计资格。2020年，通过了财政部和证监会双备案审核，可依法从事证券服务审计业务。通过了质量管理体系认证、环境管理体系认证、职业健康安全管理体系认证。2002年起，连续20年位列全国百强会计师事务所前列。目前，注册资本1500万元。永拓富信会计师事务所具有香港联交所挂牌承认（FRC）资格，可出具港交所上市公司审计报告。永拓内地和永拓香港可以联合承办A+H股已上市公司审计业务。,2013,2020,0,0,27,508,342890800,2
91110105085458861W,永拓会计师事务所,2000年，永拓会计师事务所取得“证券期货相关业务”审计资格。2020年，通过了财政部和证监会双备案审核，可依法从事证券服务审计业务。通过了质量管理体系认证、环境管理体系认证、职业健康安全管理体系认证。2002年起，连续20年位列全国百强会计师事务所前列。目前，注册资本1500万元。永拓富信会计师事务所具有香港联交所挂牌承认（FRC）资格，可出具港交所上市公司审计报告。永拓内地和永拓香港可以联合承办A+H股已上市公司审计业务。,2013,2021,0,0,27,366,375680300,2
914403001923608867,深圳久安会计师事务所,深圳久安会计师事务所（特殊普通合伙）成立于2001年3月15日，注册地位于深圳市南山区粤海街道高新区社区高新南一道008号创维大厦C902，执行事务合伙人为何新苗，经营范围包括一般经营项目是：，许可经营项目是：审查企业会计报表，出具审计报告；验证企业资本，出具验资报告；办理企业合并、分立、清算事宜中的审计业务，出具有关报告；办理法律、行政法规规定的其他审计业务，出具相应的审计报告；企业登记代理业务;财务专业培训。,2001,2021,0,0,,,,0
91440300770332722R,深圳堂堂会计师事务所,深圳堂堂会计师事务所成立于2004年，是由中国注册会计师、中国注册资产评估师、中国注册税务师等发起设立的会计师事务所，系经深圳市财政局批准成立依法独立承办审计、验资、资产评估、代理记帐、税务代理、财务会计咨询等注册会计师业务的专业服务机构，持有深圳市财政局《会计师事务所执业证书》深圳市工商行政管理局《会计师事务所营业执照》。,2005,2018,0,0,0,,,0
91440300770332722R,深圳堂堂会计师事务所,深圳堂堂会计师事务所成立于2004年，是由中国注册会计师、中国注册资产评估师、中国注册税务师等发起设立的会计师事务所，系经深圳市财政局批准成立依法独立承办审计、验资、资产评估、代理记帐、税务代理、财务会计咨询等注册会计师业务的专业服务机构，持有深圳市财政局《会计师事务所执业证书》深圳市工商行政管理局《会计师事务所营业执照》。,2005,2019,0,0,0,3,,1
91440300770332722R,深圳堂堂会计师事务所,深圳堂堂会计师事务所成立于2004年，是由中国注册会计师、中国注册资产评估师、中国注册税务师等发起设立的会计师事务所，系经深圳市财政局批准成立依法独立承办审计、验资、资产评估、代理记帐、税务代理、财务会计咨询等注册会计师业务的专业服务机构，持有深圳市财政局《会计师事务所执业证书》深圳市工商行政管理局《会计师事务所营业执照》。,2005,2020,0,0,0,,,2
91440300590742855B,深圳旭泰会计师事务所,,2012,2021,0,0,,,,0
91430105MA4RD8CLXM,湖南容信会计师事务所,湖南容信会计师事务所（普通合伙）成立于2020年6月3日，注册地位于湖南省长沙市开福区通泰街街道中山路589号开福万达广场B区商业综合体（含写字楼）23013房，执行事务合伙人为周红宇，经营范围包括企业会计报表审计；企业资本验证；办理企业合并、分立、清算事宜中的审计；代理记账服务；会计咨询；税务咨询；企业管理咨询服务。（依法须经批准的项目，经相关部门批准后方可开展经营活动）,2020,2021,0,0,,,,0
9111010856949923XD,瑞华会计师事务所,瑞华会计师事务所（特殊普通合伙）是由国富浩华和中瑞岳华于2013年4月合并成立的一家专业化、规模化、国际化的大型会计师事务所，是被授予A+ H股企业审计资格、完成特殊普通合伙转制的会计师事务所，系美国PCAOB（公众公司会计监督委员会）登记机构，业务涉及股票发行与上市、公司改制、企业重组、资本运作、财务咨询、管理咨询、税务咨询等领域。,2011,2018,0,1,40,2266,2878551000,0
9111010856949923XD,瑞华会计师事务所,瑞华会计师事务所（特殊普通合伙）是由国富浩华和中瑞岳华于2013年4月合并成立的一家专业化、规模化、国际化的大型会计师事务所，是被授予A+ H股企业审计资格、完成特殊普通合伙转制的会计师事务所，系美国PCAOB（公众公司会计监督委员会）登记机构，业务涉及股票发行与上市、公司改制、企业重组、资本运作、财务咨询、管理咨询、税务咨询等领域。,2011,2019,0,1,40,1212,,1
9111010856949923XD,瑞华会计师事务所,瑞华会计师事务所（特殊普通合伙）是由国富浩华和中瑞岳华于2013年4月合并成立的一家专业化、规模化、国际化的大型会计师事务所，是被授予A+ H股企业审计资格、完成特殊普通合伙转制的会计师事务所，系美国PCAOB（公众公司会计监督委员会）登记机构，业务涉及股票发行与上市、公司改制、企业重组、资本运作、财务咨询、管理咨询、税务咨询等领域。,2011,2020,0,1,,233,804000000,2
911201160796417077,立信中联会计师事务所,立信中联会计师事务所（特殊普通合伙），始创于二十世纪八十年代初期，是全国首批自主创立品牌的会计师事务所之一。历经三十余年的发展沿革，事务所形成了专业化、规模化、国际化的发展态势，连续多年在全国百强所排名中名列前茅，具有“证券、期货相关业务许可证” 等执业资质，入围“国务院国资委中介机构”、“财政部预算评审中心中介机构”名单库。,2013,2018,0,0,13,286,245585300,0
911201160796417077,立信中联会计师事务所,立信中联会计师事务所（特殊普通合伙），始创于二十世纪八十年代初期，是全国首批自主创立品牌的会计师事务所之一。历经三十余年的发展沿革，事务所形成了专业化、规模化、国际化的发展态势，连续多年在全国百强所排名中名列前茅，具有“证券、期货相关业务许可证” 等执业资质，入围“国务院国资委中介机构”、“财政部预算评审中心中介机构”名单库。,2013,2019,0,0,13,318,259982100,1
911201160796417077,立信中联会计师事务所,立信中联会计师事务所（特殊普通合伙），始创于二十世纪八十年代初期，是全国首批自主创立品牌的会计师事务所之一。历经三十余年的发展沿革，事务所形成了专业化、规模化、国际化的发展态势，连续多年在全国百强所排名中名列前茅，具有“证券、期货相关业务许可证” 等执业资质，入围“国务院国资委中介机构”、“财政部预算评审中心中介机构”名单库。,2013,2020,0,0,14,328,300130100,2
911201160796417077,立信中联会计师事务所,立信中联会计师事务所（特殊普通合伙），始创于二十世纪八十年代初期，是全国首批自主创立品牌的会计师事务所之一。历经三十余年的发展沿革，事务所形成了专业化、规模化、国际化的发展态势，连续多年在全国百强所排名中名列前茅，具有“证券、期货相关业务许可证” 等执业资质，入围“国务院国资委中介机构”、“财政部预算评审中心中介机构”名单库。,2013,2021,0,0,14,255,324259100,2
91310101568093764U,立信会计师事务所,立信会计师事务所（特殊普通合伙） （以下简称“立信”）由中国会计泰斗潘序伦先生于1927年在上海创建，是中国建立最早和最有影响的会计师事务所之一。总部设在上海，有七个专业委员会，以及审计业务部、国际业务部、银行业务部及审计风险管理部、信息技术部、教育培训部、管理咨询部、税务部、资产评估部、工程造价咨询部、信息鉴证部、公司清算部、市场与品牌推广部、会计政策研究中心、产学研基地等与业务相关的部门。现有客户遍布全国各地，现为大型央企、国有集团、银行、证券公司、期货经纪公司、保险公司、信托公司、基金公司等提供审计及相关业务。,2011,2018,0,1,31,2108,3667947300,0
91310101568093764U,立信会计师事务所,立信会计师事务所（特殊普通合伙） （以下简称“立信”）由中国会计泰斗潘序伦先生于1927年在上海创建，是中国建立最早和最有影响的会计师事务所之一。总部设在上海，有七个专业委员会，以及审计业务部、国际业务部、银行业务部及审计风险管理部、信息技术部、教育培训部、管理咨询部、税务部、资产评估部、工程造价咨询部、信息鉴证部、公司清算部、市场与品牌推广部、会计政策研究中心、产学研基地等与业务相关的部门。现有客户遍布全国各地，现为大型央企、国有集团、银行、证券公司、期货经纪公司、保险公司、信托公司、基金公司等提供审计及相关业务。,2011,2019,0,1,31,2134,3738637900,1
91310101568093764U,立信会计师事务所,立信会计师事务所（特殊普通合伙） （以下简称“立信”）由中国会计泰斗潘序伦先生于1927年在上海创建，是中国建立最早和最有影响的会计师事务所之一。总部设在上海，有七个专业委员会，以及审计业务部、国际业务部、银行业务部及审计风险管理部、信息技术部、教育培训部、管理咨询部、税务部、资产评估部、工程造价咨询部、信息鉴证部、公司清算部、市场与品牌推广部、会计政策研究中心、产学研基地等与业务相关的部门。现有客户遍布全国各地，现为大型央企、国有集团、银行、证券公司、期货经纪公司、保险公司、信托公司、基金公司等提供审计及相关业务。,2011,2020,0,1,31,2216,4105920000,2
91310101568093764U,立信会计师事务所,立信会计师事务所（特殊普通合伙） （以下简称“立信”）由中国会计泰斗潘序伦先生于1927年在上海创建，是中国建立最早和最有影响的会计师事务所之一。总部设在上海，有七个专业委员会，以及审计业务部、国际业务部、银行业务部及审计风险管理部、信息技术部、教育培训部、管理咨询部、税务部、资产评估部、工程造价咨询部、信息鉴证部、公司清算部、市场与品牌推广部、会计政策研究中心、产学研基地等与业务相关的部门。现有客户遍布全国各地，现为大型央企、国有集团、银行、证券公司、期货经纪公司、保险公司、信托公司、基金公司等提供审计及相关业务。,2011,2021,0,1,31,2187,4523234000,2
91110105592343655N,致同会计师事务所,"致同会计师事务所是中国最早的会计师事务所之一,成立于1981年，是GrantThorntonInternationalLtd(GTIL,致同国际)在中国唯一的成员所,英文名称为GrantThornton。通过与致同国际世界各地的成员所紧密合作,致同积累了丰富的全球资源和业务经验,将为不同区域的客户提供包括审计,税务和咨询等全方位专业服务.总部位于北京,并且在长春,成都,大连,福州,广州,哈尔滨,海口,杭州,中国香港，昆明,洛阳,南京,南宁,宁波,青岛,上海,深圳,苏州,太原,温州,武汉,厦门和西安等全国所有重要经济中心都有坚实的根基,并将继续努力扩展我们在全国的服务网络。",2011,2018,0,1,23,1232,1836214500,0
91110105592343655N,致同会计师事务所,"致同会计师事务所是中国最早的会计师事务所之一,成立于1981年，是GrantThorntonInternationalLtd(GTIL,致同国际)在中国唯一的成员所,英文名称为GrantThornton。通过与致同国际世界各地的成员所紧密合作,致同积累了丰富的全球资源和业务经验,将为不同区域的客户提供包括审计,税务和咨询等全方位专业服务.总部位于北京,并且在长春,成都,大连,福州,广州,哈尔滨,海口,杭州,中国香港，昆明,洛阳,南京,南宁,宁波,青岛,上海,深圳,苏州,太原,温州,武汉,厦门和西安等全国所有重要经济中心都有坚实的根基,并将继续努力扩展我们在全国的服务网络。",2011,2019,0,1,27,1192,1989811800,1
91110105592343655N,致同会计师事务所,"致同会计师事务所是中国最早的会计师事务所之一,成立于1981年，是GrantThorntonInternationalLtd(GTIL,致同国际)在中国唯一的成员所,英文名称为GrantThornton。通过与致同国际世界各地的成员所紧密合作,致同积累了丰富的全球资源和业务经验,将为不同区域的客户提供包括审计,税务和咨询等全方位专业服务.总部位于北京,并且在长春,成都,大连,福州,广州,哈尔滨,海口,杭州,中国香港，昆明,洛阳,南京,南宁,宁波,青岛,上海,深圳,苏州,太原,温州,武汉,厦门和西安等全国所有重要经济中心都有坚实的根基,并将继续努力扩展我们在全国的服务网络。",2011,2020,0,1,27,1267,2195729300,2
91110105592343655N,致同会计师事务所,"致同会计师事务所是中国最早的会计师事务所之一,成立于1981年，是GrantThorntonInternationalLtd(GTIL,致同国际)在中国唯一的成员所,英文名称为GrantThornton。通过与致同国际世界各地的成员所紧密合作,致同积累了丰富的全球资源和业务经验,将为不同区域的客户提供包括审计,税务和咨询等全方位专业服务.总部位于北京,并且在长春,成都,大连,福州,广州,哈尔滨,海口,杭州,中国香港，昆明,洛阳,南京,南宁,宁波,青岛,上海,深圳,苏州,太原,温州,武汉,厦门和西安等全国所有重要经济中心都有坚实的根基,并将继续努力扩展我们在全国的服务网络。",2011,2021,0,1,26,1159,2533769100,2
91320000085046285W,苏亚金诚会计师事务所,苏亚金诚会计师事务所（特殊普通合伙），前身为江苏苏亚审计事务所，成立于1996年5月（原隶属于江苏省审计厅），在江苏省工商行政管理局登记注册。2013年11月，经省财政厅批准转制为特殊普通合伙企业，目前注册资本1440万元。具有财政部和中国证监会批准的执行证券、期货相关业务资格，人民法院指定的破产案件管理人资格，司法鉴定资格，军工涉密业务咨询服务等，是中国银行间市场交易商协会、中国证券业协会会员。事务所拥有从业人员近千人，其中注册会计师290余人（资深注册会计师13人），注册造价师90余人，注册资产评估师80余人，注册咨询专家20人，具有各类高级职称人员103人。拥有注册会计师行业领军人才10名，ACCA、ACA及澳洲CPA等国际资质人才16名。,2013,2018,0,0,9,272,299254800,0
91320000085046285W,苏亚金诚会计师事务所,苏亚金诚会计师事务所（特殊普通合伙），前身为江苏苏亚审计事务所，成立于1996年5月（原隶属于江苏省审计厅），在江苏省工商行政管理局登记注册。2013年11月，经省财政厅批准转制为特殊普通合伙企业，目前注册资本1440万元。具有财政部和中国证监会批准的执行证券、期货相关业务资格，人民法院指定的破产案件管理人资格，司法鉴定资格，军工涉密业务咨询服务等，是中国银行间市场交易商协会、中国证券业协会会员。事务所拥有从业人员近千人，其中注册会计师290余人（资深注册会计师13人），注册造价师90余人，注册资产评估师80余人，注册咨询专家20人，具有各类高级职称人员103人。拥有注册会计师行业领军人才10名，ACCA、ACA及澳洲CPA等国际资质人才16名。,2013,2019,0,0,9,306,340200400,1
91320000085046285W,苏亚金诚会计师事务所,苏亚金诚会计师事务所（特殊普通合伙），前身为江苏苏亚审计事务所，成立于1996年5月（原隶属于江苏省审计厅），在江苏省工商行政管理局登记注册。2013年11月，经省财政厅批准转制为特殊普通合伙企业，目前注册资本1440万元。具有财政部和中国证监会批准的执行证券、期货相关业务资格，人民法院指定的破产案件管理人资格，司法鉴定资格，军工涉密业务咨询服务等，是中国银行间市场交易商协会、中国证券业协会会员。事务所拥有从业人员近千人，其中注册会计师290余人（资深注册会计师13人），注册造价师90余人，注册资产评估师80余人，注册咨询专家20人，具有各类高级职称人员103人。拥有注册会计师行业领军人才10名，ACCA、ACA及澳洲CPA等国际资质人才16名。,2013,2020,0,0,9,324,373110199.99999994,2
91320000085046285W,苏亚金诚会计师事务所,苏亚金诚会计师事务所（特殊普通合伙），前身为江苏苏亚审计事务所，成立于1996年5月（原隶属于江苏省审计厅），在江苏省工商行政管理局登记注册。2013年11月，经省财政厅批准转制为特殊普通合伙企业，目前注册资本1440万元。具有财政部和中国证监会批准的执行证券、期货相关业务资格，人民法院指定的破产案件管理人资格，司法鉴定资格，军工涉密业务咨询服务等，是中国银行间市场交易商协会、中国证券业协会会员。事务所拥有从业人员近千人，其中注册会计师290余人（资深注册会计师13人），注册造价师90余人，注册资产评估师80余人，注册咨询专家20人，具有各类高级职称人员103人。拥有注册会计师行业领军人才10名，ACCA、ACA及澳洲CPA等国际资质人才16名。,2013,2021,0,0,9,332,409108700,2
91440101MA9UQ94J80,诚安信会计师事务所,一、事务所概况 广东诚安信会计师事务所（特殊普通合伙）前身广东诚信审计师事务所于1994年12月17日成立，隶属于广东省司法厅。1999年12月31日按照国务院的统一部署，改制为有限公司。2020年8月按照国家相关政策，改制为特殊普通合伙企业。2020年顺利通过财政部、证监会从事证券服务业务事务所机构备案。 下设佛山分所、东莞分所、湖南分所、云南分所、海南分所等5家分支机构。 二、业务范围 审计业务、验资业务、司法鉴定服务、税务服务、资产评估、财务咨询; 破产清算服务; 工程管理服务等业务。 三、擅长业务领域 在27年的发展历程中，经过长期的探索与实践，诚安信会计所在行政事业单位审计和司法会计鉴定工作中取得了可喜的成果，建立了完善的审计监督及评价机制，积累了丰富的工作经验。 四、企业文化 在发展过程中，诚安信始终遵守“以质量求信誉、以信誉求发展，诚信为本，操守为重”的服务宗旨，承办并出色完成了各种类型企业、事业单位、社会团体、政府机构委托的审计、评估以及工程造价、税务代理等方面的业务，以高效优质的服务获得客户的认可和良好的社会声誉，培养人才和服务社会作出我们的贡献。,2020,2021,0,0,5,119,148159500,0
91440300770329160G,鹏盛会计师事务所,鹏盛会计师事务所（特殊普通合伙）经深圳市财政局批准于2005年1月11日成立于深圳特区。现任首席合伙人为杨步湘。总部所在地：深圳市福田区福田街道福山社区滨河大道5020号同心大厦21层2101。2018年12月6日深圳鹏盛会计师事务所(普通合伙)变更为深圳鹏盛会计师事务所(特殊普通合伙)。2020年6月1日深圳鹏盛会计师事务所(特殊普通合伙)变更为“鹏盛会计师事务所（特殊普通合伙）”。本所正式成为华南地区首家且唯一一家全国性总部会计师事务所。我所于2020年10月10日取得财政部证监会第一批从事证券服务业务会计师事务所备案确认。鹏盛会计师事务所（特殊普通合伙）是亚太鹏盛财税集团的成员企业。鹏盛集团是一家跨省区市组建的全国性、综合性的大型财税集团，下设鹏盛会计师事务所（特殊普通合伙）、亚太鹏盛税务师事务所股份有限公司、亚太鹏盛房地产土地资产评估有限公司。鹏盛秉承“求实为本，以法为准，严谨执业，服务至诚”的经营理念，结合“崇尚职业理性，提倡勤勉创新，鼓励团队精神，强调个人正直”的企业文化，依靠专业团队的专业知识和技术经验，竭诚为客户提供优质，专业，高效的专业服务。,2005,2021,0,0,36,342,211069800,0
